id,first_name,last_name,email,gender,ip_address
1,Onida,Spadotto,ospadotto0@go.com,Female,14.156.150.124
2,Neall,Pabel,npabel1@ustream.tv,Male,121.183.155.11
3,Camile,Catt,ccatt2@army.mil,Female,68.207.218.70
4,Cullin,Toller,ctoller3@jugem.jp,Male,188.216.90.94
5,Karissa,O'Brogane,kobrogane4@barnesandnoble.com,Female,94.121.77.219
6,Byrle,Laidlow,blaidlow5@youtube.com,Male,7.20.148.112
7,Paulie,Awde,pawde6@live.com,Female,189.135.72.201
8,Kacie,Larkcum,klarkcum7@google.it,Non-binary,10.252.118.159
9,Alyce,MacKeever,amackeever8@wiley.com,Female,91.51.218.108
10,Griffin,La Vigne,glavigne9@ocn.ne.jp,Male,185.177.137.227
11,Susana,Broschke,sbroschkea@hexun.com,Female,109.237.126.198
12,Mady,Wilber,mwilberb@1688.com,Female,69.37.235.10
13,Annabal,Varsey,avarseyc@ted.com,Female,63.61.213.251
14,Leena,Merrien,lmerriend@parallels.com,Female,85.244.45.85
15,Davida,Itzcovich,ditzcoviche@cornell.edu,Female,175.250.207.251
16,Madge,McGibbon,mmcgibbonf@ted.com,Female,78.25.12.23
17,Witty,Crispin,wcrisping@who.int,Male,235.68.46.62
18,Stesha,Haill,shaillh@dailymail.co.uk,Female,75.238.124.108
19,Kippar,Hammond,khammondi@delicious.com,Male,246.157.28.59
20,Mikey,Culham,mculhamj@webs.com,Male,89.247.208.164
21,Idalia,Lanfer,ilanferk@uol.com.br,Female,126.72.132.13
22,Whittaker,Dufore,wduforel@stumbleupon.com,Male,122.226.43.137
23,Chaddy,Foldes,cfoldesm@wordpress.com,Male,32.10.69.241
24,Giffie,Thomasen,gthomasenn@webnode.com,Male,205.223.248.205
25,Wolfy,Scanderet,wscandereto@myspace.com,Male,172.241.207.115
26,Shanda,Haws,shawsp@biglobe.ne.jp,Polygender,109.172.202.53
27,Riobard,Fussen,rfussenq@amazon.com,Male,3.243.49.218
28,Cassie,Ganley,cganleyr@wp.com,Female,95.166.249.52
29,Rae,Bartens,rbartenss@dropbox.com,Female,249.124.90.91
30,Wiatt,Trowl,wtrowlt@canalblog.com,Male,147.125.188.83
31,Abe,Giffaut,agiffautu@prnewswire.com,Male,251.11.183.60
32,Jarred,Denzilow,jdenzilowv@ovh.net,Male,99.175.240.85
33,Katerina,Castanyer,kcastanyerw@icq.com,Agender,26.114.98.188
34,Nappy,Raspel,nraspelx@prnewswire.com,Male,20.255.11.21
35,Maynord,Goudy,mgoudyy@geocities.jp,Male,90.22.63.90
36,Elden,Cleve,eclevez@yale.edu,Male,71.116.84.61
37,Levin,McCarter,lmccarter10@slate.com,Male,112.93.186.183
38,Angy,Huygens,ahuygens11@wix.com,Female,61.151.110.18
39,Garrett,Moneypenny,gmoneypenny12@moonfruit.com,Male,217.132.29.48
40,Eugenio,Fathers,efathers13@wisc.edu,Genderfluid,176.36.117.152
41,Christiana,Clemas,cclemas14@twitpic.com,Female,205.127.204.146
42,Loni,Ingman,lingman15@imageshack.us,Female,209.99.99.126
43,Vernon,Dowzell,vdowzell16@cocolog-nifty.com,Male,254.33.5.177
44,Germaine,Dmitrovic,gdmitrovic17@printfriendly.com,Female,187.119.160.167
45,Dun,Munro,dmunro18@latimes.com,Male,119.75.221.12
46,Kermie,Tamas,ktamas19@paginegialle.it,Male,182.41.21.170
47,Andris,Hutt,ahutt1a@goo.gl,Male,180.48.233.120
48,Micky,Mathis,mmathis1b@issuu.com,Genderfluid,159.206.129.22
49,Donielle,Juppe,djuppe1c@biblegateway.com,Female,110.230.48.49
50,Christalle,Capehorn,ccapehorn1d@dot.gov,Agender,192.135.78.157
51,Barde,Cosgrove,bcosgrove1e@gnu.org,Male,185.225.0.72
52,Karoline,Motherwell,kmotherwell1f@chronoengine.com,Female,8.240.176.221
53,Cole,Reinmar,creinmar1g@nasa.gov,Male,0.5.103.36
54,Tobye,Wasbey,twasbey1h@oaic.gov.au,Genderqueer,216.105.39.169
55,Daffi,Iggo,diggo1i@pen.io,Female,107.207.170.36
56,Drew,Ashforth,dashforth1j@histats.com,Male,25.91.45.216
57,Derward,Gooke,dgooke1k@lulu.com,Male,114.248.158.135
58,Annadiana,Calbaithe,acalbaithe1l@huffingtonpost.com,Female,30.52.96.192
59,Aridatha,Pedgrift,apedgrift1m@tripod.com,Agender,32.74.217.138
60,Sheree,Hirthe,shirthe1n@tripod.com,Female,7.205.36.145
61,Donielle,Lavens,dlavens1o@whitehouse.gov,Female,1.233.192.12
62,Prince,Pratten,ppratten1p@godaddy.com,Male,115.26.176.129
63,Davie,Kingswoode,dkingswoode1q@is.gd,Male,106.16.37.115
64,Alma,Bricknell,abricknell1r@ucla.edu,Female,73.1.12.145
65,Caty,Warne,cwarne1s@nbcnews.com,Bigender,193.110.41.196
66,Clarie,Powles,cpowles1t@yale.edu,Female,163.176.77.170
67,Fredra,Chaff,fchaff1u@sohu.com,Female,161.146.4.255
68,Hildagarde,Bewfield,hbewfield1v@sakura.ne.jp,Agender,238.83.35.195
69,Lorilee,Reinmar,lreinmar1w@pbs.org,Female,86.232.227.75
70,Beckie,Seadon,bseadon1x@google.com.hk,Agender,77.245.151.106
71,Shandee,Ateridge,sateridge1y@nba.com,Female,103.204.134.45
72,Welsh,Follis,wfollis1z@nasa.gov,Male,245.153.177.67
73,Eugen,McCart,emccart20@tripadvisor.com,Male,77.250.145.194
74,Sydney,Stockall,sstockall21@livejournal.com,Female,173.27.252.138
75,Rodge,Hiley,rhiley22@europa.eu,Male,83.64.108.100
76,Wendy,Minall,wminall23@networkadvertising.org,Female,69.71.83.172
77,Immanuel,Lenihan,ilenihan24@last.fm,Bigender,33.240.75.37
78,Jermayne,Sivil,jsivil25@yellowbook.com,Male,71.232.123.94
79,Janel,Moss,jmoss26@squidoo.com,Female,254.17.3.27
80,Walsh,McFetrich,wmcfetrich27@taobao.com,Male,26.75.89.229
81,Nathanil,Randerson,nranderson28@google.co.jp,Male,197.207.201.221
82,Kellen,Laherty,klaherty29@apache.org,Female,58.80.191.208
83,Cornall,Deniskevich,cdeniskevich2a@army.mil,Male,250.114.199.4
84,Holden,Gegg,hgegg2b@mozilla.com,Male,140.63.67.249
85,Erie,Duxbury,eduxbury2c@artisteer.com,Male,151.186.42.51
86,Katleen,Kennerknecht,kkennerknecht2d@wikipedia.org,Bigender,104.172.196.201
87,Vivianna,Longmaid,vlongmaid2e@simplemachines.org,Female,11.83.123.225
88,Gerek,Wooster,gwooster2f@harvard.edu,Male,86.87.215.83
89,Rubie,Iacovucci,riacovucci2g@posterous.com,Female,9.26.119.47
90,Ari,Basey,abasey2h@oakley.com,Male,251.11.239.175
91,Mack,Barry,mbarry2i@washington.edu,Male,107.162.220.47
92,Khalil,Covil,kcovil2j@blogtalkradio.com,Male,250.84.64.142
93,Sheffy,Craine,scraine2k@umich.edu,Male,207.212.170.130
94,Hynda,Dursley,hdursley2l@networkadvertising.org,Female,209.184.41.197
95,Consalve,Blockley,cblockley2m@360.cn,Male,80.146.139.8
96,Sauveur,Cossentine,scossentine2n@yelp.com,Male,221.217.206.226
97,Waiter,Epperson,wepperson2o@vk.com,Male,114.29.213.244
98,Elonore,Fruin,efruin2p@vinaora.com,Female,243.10.189.145
99,Hertha,Brindle,hbrindle2q@cnbc.com,Female,118.248.85.26
100,Janaya,Housam,jhousam2r@ezinearticles.com,Female,135.31.244.23
101,Nickie,Scriven,nscriven2s@jalbum.net,Male,251.162.79.0
102,Mirabelle,Blandamore,mblandamore2t@usnews.com,Female,224.38.5.180
103,Isaiah,Barneville,ibarneville2u@youtube.com,Male,139.98.226.87
104,Lauritz,Whitlow,lwhitlow2v@telegraph.co.uk,Male,62.230.233.114
105,Case,Fludder,cfludder2w@taobao.com,Male,178.110.238.30
106,Jen,Chaffin,jchaffin2x@bloomberg.com,Female,51.80.76.249
107,Estevan,Cuskery,ecuskery2y@acquirethisname.com,Male,181.229.209.38
108,Arlana,Rodgman,arodgman2z@nifty.com,Agender,249.108.229.155
109,Eada,Antrim,eantrim30@simplemachines.org,Agender,29.103.66.215
110,Twyla,Roselli,troselli31@simplemachines.org,Female,144.210.60.135
111,Bord,Kiloh,bkiloh32@flavors.me,Male,153.87.159.211
112,Lauralee,Conen,lconen33@parallels.com,Female,171.241.219.72
113,Daven,Bruhnsen,dbruhnsen34@goo.ne.jp,Male,16.31.239.178
114,Rolf,Boni,rboni35@networkadvertising.org,Male,230.213.168.179
115,Alick,Bittleson,abittleson36@hubpages.com,Male,8.18.16.167
116,Blondie,Hagergham,bhagergham37@networksolutions.com,Female,223.38.67.168
117,Cy,Woodvine,cwoodvine38@wix.com,Genderfluid,85.33.248.11
118,Hetty,Muddimer,hmuddimer39@uiuc.edu,Female,104.206.80.225
119,Nadya,Binns,nbinns3a@boston.com,Non-binary,168.101.55.15
120,Dinnie,Cussons,dcussons3b@hc360.com,Female,246.102.11.250
121,Kaylyn,Woodson,kwoodson3c@sciencedirect.com,Female,151.215.45.136
122,Jeremy,Armour,jarmour3d@paginegialle.it,Male,29.192.66.128
123,Etan,Manion,emanion3e@samsung.com,Male,24.1.48.228
124,Nicolis,Moller,nmoller3f@issuu.com,Male,69.128.149.159
125,Helli,McNickle,hmcnickle3g@pcworld.com,Female,242.60.6.27
126,Evelin,Tripp,etripp3h@parallels.com,Male,216.199.237.253
127,Aurel,Wychard,awychard3i@umich.edu,Female,19.214.126.97
128,Tadio,Bloxsom,tbloxsom3j@sbwire.com,Male,250.211.239.209
129,Emalia,Marcos,emarcos3k@meetup.com,Female,196.77.63.0
130,Izaak,Pocke,ipocke3l@hatena.ne.jp,Male,104.176.106.118
131,Dane,Lorriman,dlorriman3m@prnewswire.com,Male,113.220.112.116
132,Ronica,Korpal,rkorpal3n@cmu.edu,Female,132.41.146.254
133,Winnie,Huskinson,whuskinson3o@harvard.edu,Female,240.199.186.37
134,Betti,Muldrew,bmuldrew3p@eepurl.com,Female,66.248.170.10
135,Bertina,Manicomb,bmanicomb3q@webnode.com,Agender,9.130.205.8
136,Lil,Sloane,lsloane3r@blogs.com,Female,76.182.175.143
137,Emeline,Tilbrook,etilbrook3s@ow.ly,Female,81.180.6.154
138,Flem,Cosgry,fcosgry3t@nih.gov,Male,98.67.20.210
139,Max,Bosward,mbosward3u@google.nl,Male,42.10.166.109
140,Thain,Menezes,tmenezes3v@illinois.edu,Male,150.63.10.198
141,Amelina,Dumberrill,adumberrill3w@europa.eu,Female,163.194.17.246
142,Bale,Castagneri,bcastagneri3x@xing.com,Male,46.108.106.153
143,Nowell,Wapple,nwapple3y@jalbum.net,Polygender,102.59.164.171
144,Anabelle,Stoyle,astoyle3z@fastcompany.com,Female,10.43.20.58
145,Yuri,Thackston,ythackston40@forbes.com,Male,84.231.246.160
146,Rois,Fumagall,rfumagall41@bbb.org,Agender,53.115.183.106
147,Fannie,D'Agostini,fdagostini42@behance.net,Female,19.23.111.220
148,Joycelin,Lockhead,jlockhead43@macromedia.com,Female,34.177.220.10
149,Zacharie,Wellstood,zwellstood44@accuweather.com,Male,58.254.164.176
150,Dan,Starten,dstarten45@cornell.edu,Genderfluid,144.157.174.67
151,Cash,Bareford,cbareford46@example.com,Male,181.184.137.114
152,Cristie,Holdin,choldin47@issuu.com,Female,112.98.240.52
153,Cosmo,Beedham,cbeedham48@uiuc.edu,Male,84.87.199.182
154,Claudianus,Masser,cmasser49@tumblr.com,Male,187.39.62.5
155,Tammara,Swatheridge,tswatheridge4a@joomla.org,Female,96.182.74.235
156,Reynard,Sikorski,rsikorski4b@t.co,Male,43.136.215.241
157,Nathalia,Berni,nberni4c@pagesperso-orange.fr,Female,212.131.128.72
158,Marisa,Capenor,mcapenor4d@blinklist.com,Female,219.250.230.32
159,Osborne,Othen,oothen4e@narod.ru,Male,207.0.192.130
160,Shannon,Esland,sesland4f@geocities.jp,Male,97.53.171.112
161,Moreen,Scruton,mscruton4g@naver.com,Female,68.119.44.26
162,Yehudi,Duffell,yduffell4h@hexun.com,Male,112.250.251.244
163,Forester,Flintuff,fflintuff4i@unc.edu,Male,65.18.169.184
164,Merl,Dyshart,mdyshart4j@chron.com,Female,203.59.225.54
165,Claudius,Tupling,ctupling4k@sphinn.com,Male,158.137.58.72
166,Nonna,Rosier,nrosier4l@intel.com,Female,248.253.131.183
167,Muffin,Brindle,mbrindle4m@ft.com,Male,246.160.232.160
168,Jarrad,Carlos,jcarlos4n@thetimes.co.uk,Male,194.108.232.85
169,Hunter,Awmack,hawmack4o@e-recht24.de,Male,247.29.118.226
170,Howie,Pehrsson,hpehrsson4p@about.me,Male,228.124.79.193
171,Silvester,Lassells,slassells4q@msn.com,Male,157.211.227.40
172,Humfrey,Foort,hfoort4r@mozilla.com,Non-binary,253.102.210.156
173,Ivett,Domniney,idomniney4s@eepurl.com,Genderfluid,68.4.198.5
174,Raye,Bruffell,rbruffell4t@hexun.com,Female,224.44.255.5
175,Wilbur,Verna,wverna4u@fema.gov,Male,161.44.188.173
176,Shani,Casbolt,scasbolt4v@mozilla.com,Female,231.233.18.25
177,Roxie,Cocci,rcocci4w@answers.com,Female,170.172.125.180
178,Masha,Dessant,mdessant4x@msu.edu,Female,254.53.61.137
179,Bennie,Suckling,bsuckling4y@phpbb.com,Male,55.40.238.193
180,Blisse,Lebarree,blebarree4z@gnu.org,Female,3.5.126.143
181,Noble,Curedale,ncuredale50@google.it,Male,63.63.241.173
182,Obadias,Sorbey,osorbey51@list-manage.com,Male,235.60.146.255
183,Yoshiko,Phethean,yphethean52@home.pl,Female,85.248.107.69
184,Richy,Balmann,rbalmann53@ow.ly,Male,131.227.4.35
185,Rodd,Groome,rgroome54@dyndns.org,Male,224.180.187.198
186,Malva,Ternault,mternault55@xrea.com,Female,218.69.51.201
187,Charissa,Riping,criping56@apache.org,Non-binary,132.143.53.10
188,Normie,Riddick,nriddick57@ucla.edu,Bigender,128.189.192.66
189,Fionna,Giraudou,fgiraudou58@ucoz.ru,Female,78.116.110.81
190,Dannie,Tindall,dtindall59@about.com,Male,11.2.118.153
191,Anthony,Mullin,amullin5a@yahoo.com,Male,158.242.247.250
192,Aristotle,Mountcastle,amountcastle5b@who.int,Male,229.10.110.229
193,Julee,Beals,jbeals5c@dell.com,Female,145.174.162.31
194,Jeffy,Kiley,jkiley5d@businesswire.com,Genderfluid,74.174.78.213
195,Cecil,Baselli,cbaselli5e@weebly.com,Female,55.183.247.197
196,Godart,Spileman,gspileman5f@stumbleupon.com,Male,115.160.97.71
197,Carolin,Thomton,cthomton5g@homestead.com,Female,160.112.226.234
198,Brigid,Messager,bmessager5h@cmu.edu,Female,129.252.1.243
199,Fred,Stenners,fstenners5i@prlog.org,Male,92.80.139.201
200,Wanda,MacGow,wmacgow5j@ezinearticles.com,Female,194.230.3.160
201,Malena,Grigolon,mgrigolon5k@desdev.cn,Female,44.101.166.125
202,Olympe,Parlott,oparlott5l@deviantart.com,Agender,222.120.216.241
203,Sterne,Broughton,sbroughton5m@t.co,Male,10.244.206.237
204,Shaine,Barnwall,sbarnwall5n@ovh.net,Male,110.232.82.252
205,Edgard,Lochet,elochet5o@meetup.com,Male,205.184.102.180
206,Iormina,Lotwich,ilotwich5p@example.com,Female,4.28.184.231
207,Pasquale,Faherty,pfaherty5q@fc2.com,Male,217.214.224.210
208,Dorey,Farlane,dfarlane5r@hugedomains.com,Genderfluid,47.220.90.42
209,Else,Duckerin,educkerin5s@squarespace.com,Agender,124.150.64.33
210,Kaylee,Laboune,klaboune5t@discovery.com,Female,55.117.145.144
211,Dyane,Roote,droote5u@wikipedia.org,Female,247.226.233.142
212,Armando,Lambdon,alambdon5v@artisteer.com,Male,159.17.236.63
213,Verene,Martinie,vmartinie5w@nsw.gov.au,Female,26.134.151.10
214,Ad,Procter,aprocter5x@ezinearticles.com,Non-binary,176.28.100.62
215,Neville,Ogborne,nogborne5y@cbc.ca,Male,13.85.15.74
216,Hobey,Denslow,hdenslow5z@msn.com,Male,5.171.22.238
217,Barbabas,Shallo,bshallo60@wikimedia.org,Male,181.177.225.41
218,Zoe,Waslin,zwaslin61@shinystat.com,Female,237.60.142.91
219,Alano,Slowgrove,aslowgrove62@irs.gov,Male,228.115.247.194
220,Priscilla,Spino,pspino63@nytimes.com,Female,139.187.129.232
221,Beck,Boosey,bboosey64@yellowbook.com,Male,143.0.77.235
222,Danyette,Iskow,diskow65@photobucket.com,Female,121.49.56.193
223,Alys,Pattillo,apattillo66@phpbb.com,Female,169.100.70.118
224,Boycie,O'Corrigane,bocorrigane67@nasa.gov,Male,35.205.116.207
225,Mahala,Jeune,mjeune68@google.co.uk,Female,82.4.162.204
226,Claire,Kaasmann,ckaasmann69@exblog.jp,Male,157.255.107.170
227,Helen,Outridge,houtridge6a@arizona.edu,Female,49.89.212.177
228,Lorens,Mell,lmell6b@sakura.ne.jp,Polygender,238.237.8.32
229,Alexis,Coatts,acoatts6c@pcworld.com,Male,165.86.112.182
230,Laetitia,Presnall,lpresnall6d@youku.com,Female,255.31.241.48
231,Elke,Ickovic,eickovic6e@engadget.com,Female,176.215.212.212
232,Vania,Clemmett,vclemmett6f@latimes.com,Female,69.46.11.174
233,Anatol,Paschke,apaschke6g@mtv.com,Male,15.218.45.51
234,Ninette,Scully,nscully6h@archive.org,Genderqueer,20.242.64.6
235,Annmarie,Rosten,arosten6i@blogger.com,Female,91.255.137.142
236,Sofie,Dimitru,sdimitru6j@shutterfly.com,Female,168.71.34.227
237,Sidoney,Lanchberry,slanchberry6k@earthlink.net,Female,236.103.120.189
238,Ludwig,Wallworke,lwallworke6l@irs.gov,Male,231.24.200.230
239,Roarke,Mosedall,rmosedall6m@taobao.com,Male,231.96.131.151
240,Ansell,Morter,amorter6n@nifty.com,Male,123.5.150.63
241,Zebadiah,Camus,zcamus6o@mediafire.com,Male,131.101.17.146
242,Idalia,de Banke,idebanke6p@oaic.gov.au,Female,160.109.163.31
243,Lynea,Woolard,lwoolard6q@blogger.com,Female,252.4.170.76
244,Marcos,Morch,mmorch6r@wix.com,Male,125.71.230.154
245,Yard,Seabrooke,yseabrooke6s@networksolutions.com,Male,75.119.247.52
246,Bondie,Lago,blago6t@wikimedia.org,Agender,52.6.6.127
247,Casi,Lohering,clohering6u@clickbank.net,Non-binary,74.22.6.100
248,Salaidh,Jepp,sjepp6v@storify.com,Female,229.194.205.242
249,Cyndie,Brenston,cbrenston6w@t-online.de,Female,115.51.238.91
250,Bellanca,Kaufman,bkaufman6x@twitter.com,Genderqueer,75.60.163.32
251,Goldie,Sore,gsore6y@hao123.com,Female,180.68.172.215
252,Jan,Handrock,jhandrock6z@timesonline.co.uk,Male,243.25.89.45
253,Dell,Gosling,dgosling70@canalblog.com,Female,243.105.182.252
254,Ulrica,Posten,uposten71@tinyurl.com,Female,123.18.4.117
255,Viviana,Burchnall,vburchnall72@liveinternet.ru,Female,225.205.152.28
256,Marianne,Bineham,mbineham73@mapquest.com,Female,20.9.56.89
257,Alonso,Wiper,awiper74@pinterest.com,Male,180.49.192.64
258,Claretta,Fatscher,cfatscher75@github.io,Female,3.14.44.204
259,Joni,Hutcheons,jhutcheons76@tripod.com,Female,43.205.212.123
260,Liv,Rosensaft,lrosensaft77@bloglines.com,Female,179.83.181.213
261,Koo,Atcock,katcock78@time.com,Female,126.6.207.62
262,Oberon,Insko,oinsko79@timesonline.co.uk,Male,208.97.71.61
263,Orin,Finlry,ofinlry7a@newyorker.com,Male,33.35.84.182
264,Andie,Gatecliffe,agatecliffe7b@google.com.br,Male,209.68.77.124
265,Karrah,Buckhurst,kbuckhurst7c@technorati.com,Female,110.240.212.115
266,Ron,Jacobowicz,rjacobowicz7d@sitemeter.com,Male,200.227.211.196
267,Libbey,Hallford,lhallford7e@weather.com,Female,101.27.130.6
268,Vin,Topaz,vtopaz7f@theatlantic.com,Female,37.207.128.234
269,Israel,Brogi,ibrogi7g@hostgator.com,Male,120.205.171.193
270,Cathe,Lumb,clumb7h@nifty.com,Female,160.176.132.129
271,Hettie,Bugler,hbugler7i@youtu.be,Female,213.101.47.113
272,Saidee,Danilewicz,sdanilewicz7j@oaic.gov.au,Female,169.138.48.152
273,Georg,Tunno,gtunno7k@woothemes.com,Male,181.26.138.49
274,Cob,Van der Hoven,cvanderhoven7l@zdnet.com,Male,90.4.111.98
275,Dalli,Ambrosoni,dambrosoni7m@tinypic.com,Male,184.185.208.147
276,Todd,Bernardeau,tbernardeau7n@google.com.au,Male,112.88.71.40
277,Gail,Lages,glages7o@seesaa.net,Male,70.80.82.22
278,Romonda,Barthelet,rbarthelet7p@weibo.com,Female,91.15.194.93
279,Stanford,Hedley,shedley7q@xinhuanet.com,Male,28.210.85.32
280,Pauly,Hadley,phadley7r@thetimes.co.uk,Male,196.254.32.132
281,Clerc,Mowson,cmowson7s@wiley.com,Male,81.62.74.92
282,Dewain,Galletly,dgalletly7t@netvibes.com,Male,2.92.65.199
283,Tarrah,Fernandes,tfernandes7u@biglobe.ne.jp,Female,13.137.133.192
284,Eloisa,Ainsworth,eainsworth7v@forbes.com,Female,144.241.195.54
285,Gardener,Agius,gagius7w@hatena.ne.jp,Male,198.195.64.182
286,Bentley,Aseef,baseef7x@alexa.com,Male,34.143.220.177
287,Bernette,McDougal,bmcdougal7y@pen.io,Female,199.244.187.185
288,Kellie,Cutchie,kcutchie7z@chicagotribune.com,Female,49.130.253.58
289,Marcy,Clyma,mclyma80@tinyurl.com,Female,126.75.231.93
290,Ailina,Heineking,aheineking81@blogs.com,Female,102.164.107.229
291,Rhett,Maso,rmaso82@cnn.com,Bigender,204.246.22.215
292,Gib,Button,gbutton83@taobao.com,Male,186.237.198.250
293,Yale,Plott,yplott84@about.com,Male,253.154.250.31
294,Abby,Parkins,aparkins85@fotki.com,Female,189.24.181.61
295,Kirk,Yannoni,kyannoni86@jiathis.com,Male,50.37.234.66
296,Sergei,Tocqueville,stocqueville87@twitpic.com,Male,9.95.93.127
297,Fraser,Pagin,fpagin88@ted.com,Male,140.214.216.68
298,Arther,Elloway,aelloway89@reddit.com,Male,119.111.251.189
299,Donny,Zelner,dzelner8a@shop-pro.jp,Male,242.158.224.195
300,Eugenio,Carlsen,ecarlsen8b@google.es,Bigender,57.77.145.84
301,Celestina,Warne,cwarne8c@dedecms.com,Female,110.118.197.249
302,Rickert,Chatelot,rchatelot8d@wikipedia.org,Male,244.229.119.207
303,Colline,Haily,chaily8e@zimbio.com,Female,207.147.42.248
304,Donica,Domoni,ddomoni8f@prlog.org,Female,7.46.148.149
305,Kimberli,Fogden,kfogden8g@mtv.com,Female,248.201.201.137
306,Rossy,Garrish,rgarrish8h@archive.org,Male,24.245.144.197
307,Robert,Letterick,rletterick8i@fotki.com,Male,239.225.171.93
308,Terra,Kimm,tkimm8j@smugmug.com,Female,73.33.227.248
309,Jinny,Fincke,jfincke8k@histats.com,Female,49.45.218.235
310,Penn,Canby,pcanby8l@mapquest.com,Male,194.234.129.138
311,Hermie,Ivanchikov,hivanchikov8m@businessweek.com,Male,157.142.215.138
312,Christalle,Porter,cporter8n@npr.org,Female,96.171.126.145
313,Idelle,Isakov,iisakov8o@zdnet.com,Female,142.151.18.177
314,Bob,Harrema,bharrema8p@europa.eu,Male,134.12.66.168
315,Rawley,Dyble,rdyble8q@usatoday.com,Male,116.82.158.25
316,Burg,Currier,bcurrier8r@exblog.jp,Male,58.160.157.147
317,Wesley,Pepys,wpepys8s@amazon.co.uk,Male,191.152.24.167
318,Junette,Starmer,jstarmer8t@blinklist.com,Non-binary,95.152.177.69
319,Bethina,De Moreno,bdemoreno8u@sphinn.com,Genderfluid,227.13.12.28
320,Chrissie,Dand,cdand8v@mediafire.com,Female,112.234.179.54
321,Jorge,Dunphy,jdunphy8w@ezinearticles.com,Male,204.231.3.111
322,Brad,Sandells,bsandells8x@blogs.com,Male,227.40.123.145
323,Jacques,Rose,jrose8y@netlog.com,Male,152.167.163.216
324,Dwain,Ionesco,dionesco8z@php.net,Male,90.45.137.199
325,Codi,Ricson,cricson90@creativecommons.org,Male,82.127.225.31
326,Ade,Gingel,agingel91@nymag.com,Male,232.54.148.145
327,Tessi,Taplow,ttaplow92@bloglines.com,Female,111.77.105.132
328,Constantine,Petrovsky,cpetrovsky93@sfgate.com,Male,49.66.104.139
329,Devi,Boyda,dboyda94@army.mil,Female,31.107.96.129
330,Tracy,Philipsen,tphilipsen95@un.org,Male,15.136.230.242
331,Keary,Capponer,kcapponer96@tiny.cc,Genderqueer,27.43.71.230
332,Kriste,Overnell,kovernell97@usgs.gov,Female,194.147.234.31
333,Jasen,Addionizio,jaddionizio98@icio.us,Male,47.20.28.88
334,Marijn,Balthasar,mbalthasar99@wikispaces.com,Male,189.72.241.70
335,Gwynne,Straw,gstraw9a@aboutads.info,Female,29.4.45.152
336,Dame,Ebbens,debbens9b@geocities.com,Male,58.198.172.243
337,Marco,Chstney,mchstney9c@patch.com,Male,175.223.74.187
338,Janis,O'Hallagan,johallagan9d@berkeley.edu,Female,105.106.19.215
339,Marco,Micklem,mmicklem9e@deliciousdays.com,Male,70.31.73.30
340,Farah,Kleis,fkleis9f@newyorker.com,Genderfluid,237.205.155.209
341,Paula,Dabner,pdabner9g@indiatimes.com,Female,100.216.152.106
342,Halimeda,Roycraft,hroycraft9h@wikispaces.com,Female,241.123.130.235
343,Cindy,Fairhead,cfairhead9i@slashdot.org,Agender,99.146.93.120
344,Mala,Disbury,mdisbury9j@apple.com,Female,21.163.84.188
345,Gavan,Damiata,gdamiata9k@independent.co.uk,Male,173.58.229.205
346,Evie,Swayte,eswayte9l@theglobeandmail.com,Female,70.110.244.24
347,Faulkner,Cooney,fcooney9m@chronoengine.com,Male,207.192.179.7
348,Genvieve,Agastina,gagastina9n@about.com,Female,167.17.52.51
349,Cristin,Iaduccelli,ciaduccelli9o@microsoft.com,Female,137.255.221.170
350,Vance,Tander,vtander9p@google.ru,Male,0.65.234.29
351,Ivonne,Trobey,itrobey9q@mozilla.com,Female,235.14.106.185
352,Angelo,Krier,akrier9r@who.int,Male,21.119.25.142
353,Aubrey,McClancy,amcclancy9s@usatoday.com,Male,162.217.204.230
354,Sancho,Daverin,sdaverin9t@blogs.com,Male,232.136.143.1
355,Myrwyn,Lupson,mlupson9u@behance.net,Male,219.193.208.28
356,Winny,Gain,wgain9v@merriam-webster.com,Female,210.143.83.213
357,Keely,Sallter,ksallter9w@springer.com,Female,77.54.132.44
358,Janaya,Ginman,jginman9x@tumblr.com,Female,48.230.206.118
359,Anabal,Brocking,abrocking9y@abc.net.au,Female,50.194.229.122
360,Sigmund,Dietmar,sdietmar9z@51.la,Male,64.151.143.85
361,Inglis,Bloys,ibloysa0@pbs.org,Male,54.198.24.171
362,Josefa,Kiendl,jkiendla1@ifeng.com,Female,73.105.213.29
363,Moises,Riatt,mriatta2@google.com,Male,39.132.239.235
364,Royall,Colson,rcolsona3@imageshack.us,Male,199.161.254.147
365,Fred,Curedale,fcuredalea4@issuu.com,Female,67.140.213.205
366,Palmer,Cagan,pcagana5@microsoft.com,Male,68.24.214.63
367,Dorise,Brendeke,dbrendekea6@nih.gov,Female,15.173.178.98
368,Ynez,Towll,ytowlla7@stumbleupon.com,Female,201.113.223.119
369,Maurita,Hadye,mhadyea8@weebly.com,Female,61.51.153.174
370,Meryl,Philipson,mphilipsona9@thetimes.co.uk,Male,174.163.228.32
371,Rodrick,Kinghorn,rkinghornaa@geocities.com,Male,166.107.70.79
372,Karisa,Hammelberg,khammelbergab@aboutads.info,Female,123.7.223.176
373,Lorain,Polamontayne,lpolamontayneac@1688.com,Female,176.96.4.82
374,Warden,Clemetts,wclemettsad@acquirethisname.com,Bigender,92.89.170.198
375,Eleen,Busst,ebusstae@go.com,Female,71.15.168.84
376,Ulric,Woolrich,uwoolrichaf@ca.gov,Genderqueer,176.116.197.239
377,Kinny,McKibbin,kmckibbinag@blogtalkradio.com,Male,130.17.182.83
378,Aldo,Tindall,atindallah@auda.org.au,Male,172.48.92.246
379,Chauncey,Wallbank,cwallbankai@npr.org,Male,244.88.166.191
380,Sven,Dickings,sdickingsaj@github.io,Male,160.245.143.112
381,Vernen,Shaddick,vshaddickak@yandex.ru,Male,247.116.93.245
382,Filbert,Aggio,faggioal@paypal.com,Male,255.66.130.144
383,Jeremiah,Heaney,jheaneyam@comcast.net,Male,133.71.182.123
384,Cross,Sowersby,csowersbyan@netvibes.com,Male,85.191.222.13
385,Rad,Eddie,reddieao@joomla.org,Male,174.133.218.89
386,Calv,Bellenie,cbellenieap@smh.com.au,Male,169.7.59.5
387,Falkner,Kingsford,fkingsfordaq@shareasale.com,Male,16.191.60.1
388,Aveline,Bisson,abissonar@engadget.com,Female,165.76.187.25
389,Bartholemy,Gregoletti,bgregolettias@un.org,Male,245.69.121.19
390,Jolyn,McClory,jmccloryat@mashable.com,Female,197.216.176.228
391,Kalle,Walter,kwalterau@ox.ac.uk,Male,198.231.154.2
392,Corabel,Plett,cplettav@vimeo.com,Agender,137.234.136.180
393,Wallis,Stobart,wstobartaw@ocn.ne.jp,Male,182.23.130.149
394,Kerwinn,Orbon,korbonax@lulu.com,Male,227.209.240.24
395,Dannie,Bownde,dbowndeay@nyu.edu,Male,144.156.227.68
396,Evie,Stirrup,estirrupaz@freewebs.com,Female,239.158.128.124
397,Kennedy,Lambourn,klambournb0@printfriendly.com,Male,66.36.17.206
398,Kincaid,Vallery,kvalleryb1@shareasale.com,Male,97.197.19.69
399,Jacquetta,Lewin,jlewinb2@bbb.org,Female,168.243.196.203
400,Marybeth,Kilrow,mkilrowb3@amazonaws.com,Female,161.2.178.15
401,Claire,MacKissack,cmackissackb4@taobao.com,Male,195.20.56.157
402,Erskine,De Andreis,edeandreisb5@springer.com,Male,198.201.221.248
403,Sandie,Miroy,smiroyb6@npr.org,Female,150.149.152.80
404,Julienne,Langcastle,jlangcastleb7@miitbeian.gov.cn,Female,130.192.206.114
405,Farrel,Gerrish,fgerrishb8@comcast.net,Male,21.32.151.252
406,Durant,Jillitt,djillittb9@zimbio.com,Male,227.255.249.142
407,Davon,Schofield,dschofieldba@accuweather.com,Male,184.243.242.35
408,Bail,Howsden,bhowsdenbb@acquirethisname.com,Male,253.8.46.221
409,Adria,Craigmile,acraigmilebc@webnode.com,Polygender,52.233.21.130
410,Gerek,Roadnight,groadnightbd@people.com.cn,Male,57.69.142.44
411,Davita,Rushby,drushbybe@paginegialle.it,Female,158.234.202.157
412,Bonnibelle,Argrave,bargravebf@tuttocitta.it,Female,120.152.149.250
413,Moria,Pringuer,mpringuerbg@pbs.org,Female,113.40.197.215
414,Cob,Dell 'Orto,cdellortobh@altervista.org,Male,1.64.28.145
415,Emmott,Duplock,eduplockbi@domainmarket.com,Male,15.80.253.71
416,Dionisio,Ayliff,dayliffbj@smh.com.au,Male,57.217.11.48
417,Rouvin,Allkins,rallkinsbk@arstechnica.com,Male,31.176.136.112
418,Morley,Cullingworth,mcullingworthbl@constantcontact.com,Male,156.190.159.73
419,Basilius,Flaxon,bflaxonbm@mac.com,Male,78.25.236.89
420,Lucienne,Van Leijs,lvanleijsbn@unicef.org,Female,181.231.63.0
421,Care,Yele,cyelebo@fc2.com,Male,248.91.30.129
422,Blinny,Lelievre,blelievrebp@blogspot.com,Female,112.254.46.43
423,Verile,Ambrozewicz,vambrozewiczbq@wikipedia.org,Female,140.122.147.70
424,Bibbye,Ivanshintsev,bivanshintsevbr@psu.edu,Female,127.213.188.26
425,Tod,Chomicki,tchomickibs@creativecommons.org,Male,154.55.237.154
426,Leeann,Tansey,ltanseybt@devhub.com,Polygender,181.61.168.173
427,Rheta,Pearlman,rpearlmanbu@addtoany.com,Female,172.158.214.80
428,Cord,Pecht,cpechtbv@ow.ly,Male,6.2.71.38
429,Elka,Barthelet,ebartheletbw@spiegel.de,Agender,170.9.116.132
430,Olivie,Biddell,obiddellbx@ftc.gov,Female,113.225.37.165
431,Suzie,Boulds,sbouldsby@hugedomains.com,Female,104.3.171.231
432,Agnesse,Randales,arandalesbz@narod.ru,Female,232.199.151.147
433,Adolphus,Treend,atreendc0@japanpost.jp,Male,106.229.160.91
434,Dillon,Axten,daxtenc1@dell.com,Male,252.76.202.4
435,Kelly,Dounbare,kdounbarec2@storify.com,Male,154.206.246.177
436,Maurice,De Ruggero,mderuggeroc3@networksolutions.com,Non-binary,234.34.135.73
437,Butch,Reinmar,breinmarc4@constantcontact.com,Male,85.56.71.36
438,Elias,Coarser,ecoarserc5@bing.com,Male,190.128.48.135
439,Konstance,Goldstein,kgoldsteinc6@reverbnation.com,Female,210.60.247.13
440,Clifford,Hanwright,chanwrightc7@google.ca,Male,15.208.228.12
441,Burg,Shera,bsherac8@dropbox.com,Male,1.221.72.20
442,Raquel,Casely,rcaselyc9@imdb.com,Female,16.232.110.125
443,Erich,Braunston,ebraunstonca@wp.com,Male,190.249.168.58
444,Thayne,Craske,tcraskecb@newyorker.com,Male,113.215.102.101
445,Rorie,Steer,rsteercc@odnoklassniki.ru,Female,194.108.30.105
446,Magdalena,Gribbell,mgribbellcd@dagondesign.com,Female,73.235.16.99
447,Marthe,Kilmaster,mkilmasterce@ebay.co.uk,Polygender,112.110.152.211
448,Ivie,Grumble,igrumblecf@clickbank.net,Female,21.135.32.254
449,Abram,Hehir,ahehircg@ning.com,Male,6.83.12.231
450,Dionisio,Kensley,dkensleych@amazon.com,Male,152.248.151.60
451,Candide,Juppe,cjuppeci@newsvine.com,Female,119.5.77.138
452,Shaylah,Chippendale,schippendalecj@boston.com,Female,32.173.86.161
453,George,Zannini,gzanninick@nydailynews.com,Female,119.248.59.127
454,Granthem,Galliver,ggallivercl@amazon.co.uk,Male,213.68.5.115
455,Geri,Marmion,gmarmioncm@wikispaces.com,Female,247.155.35.42
456,Brewer,Thorius,bthoriuscn@omniture.com,Male,99.61.139.62
457,Ginnifer,Duester,gduesterco@booking.com,Female,70.156.167.65
458,Etheline,Matkin,ematkincp@skyrock.com,Female,142.248.109.217
459,Gerianna,Franceschi,gfranceschicq@tripod.com,Female,107.254.121.95
460,Cecil,Edgin,cedgincr@1und1.de,Male,238.148.7.122
461,Odele,Faivre,ofaivrecs@wisc.edu,Female,255.74.178.233
462,Shalom,Maddox,smaddoxct@independent.co.uk,Non-binary,124.193.12.174
463,Harland,McCalister,hmccalistercu@imgur.com,Male,37.133.163.245
464,Kalil,Joire,kjoirecv@edublogs.org,Male,41.199.111.203
465,Haydon,Bootman,hbootmancw@blogs.com,Male,244.77.245.15
466,Gabriele,Layburn,glayburncx@disqus.com,Male,68.237.129.122
467,Kay,Harnell,kharnellcy@cyberchimps.com,Female,113.18.15.170
468,Giulia,Inkle,ginklecz@issuu.com,Female,206.229.182.137
469,Towny,McCole,tmccoled0@fotki.com,Male,4.60.153.107
470,Georgianne,Bridgewater,gbridgewaterd1@rambler.ru,Female,112.185.144.91
471,Jessa,Barhams,jbarhamsd2@economist.com,Female,42.105.43.53
472,Barr,Hlavecek,bhlavecekd3@indiegogo.com,Male,129.30.171.103
473,Gavra,Pulver,gpulverd4@smugmug.com,Female,170.136.40.38
474,Aili,Foulstone,afoulstoned5@skype.com,Female,47.89.224.145
475,Gay,Troke,gtroked6@tinypic.com,Male,241.238.145.253
476,Regina,Peasegod,rpeasegodd7@usa.gov,Female,167.74.110.117
477,Wilhelmine,Soppitt,wsoppittd8@ed.gov,Female,100.202.99.24
478,Guinna,Haggeth,ghaggethd9@slashdot.org,Female,120.105.222.131
479,Sarah,Dallmann,sdallmannda@ycombinator.com,Non-binary,7.123.84.23
480,Reube,Hurdle,rhurdledb@chicagotribune.com,Male,86.149.116.167
481,Kurtis,Abels,kabelsdc@state.gov,Agender,222.94.12.225
482,Randell,Grantham,rgranthamdd@bing.com,Male,0.217.156.139
483,Regen,Piletic,rpileticde@bloglines.com,Male,141.99.91.242
484,Merrily,Kynson,mkynsondf@ucla.edu,Female,228.161.22.45
485,Link,Esplin,lesplindg@ycombinator.com,Male,187.55.254.220
486,Bald,Tytcomb,btytcombdh@bbc.co.uk,Male,161.222.129.252
487,Ali,Everix,aeverixdi@pen.io,Male,172.241.123.221
488,Conway,Rodenburgh,crodenburghdj@cdbaby.com,Male,11.93.91.105
489,Baron,Linskey,blinskeydk@so-net.ne.jp,Male,190.172.239.99
490,Aubrey,Clemett,aclemettdl@arstechnica.com,Female,114.171.94.210
491,Peirce,Duiged,pduigeddm@nbcnews.com,Male,8.251.160.34
492,Dasha,Blakesley,dblakesleydn@skyrock.com,Female,176.224.177.31
493,Theadora,Sutherland,tsutherlanddo@nsw.gov.au,Female,74.70.166.9
494,Forrest,Roxburch,froxburchdp@squarespace.com,Male,253.12.133.54
495,Nadiya,Traut,ntrautdq@ca.gov,Polygender,193.45.36.175
496,Analiese,Sugar,asugardr@t-online.de,Female,111.188.107.33
497,Lyndell,Ivakin,livakinds@xinhuanet.com,Female,210.139.212.144
498,Elinor,Thaxter,ethaxterdt@addtoany.com,Female,105.168.27.111
499,Joshia,Simpkin,jsimpkindu@dagondesign.com,Male,40.34.33.112
500,Quintana,Walworth,qwalworthdv@admin.ch,Female,143.69.191.225
501,Mufi,Norssister,mnorssisterdw@wordpress.org,Female,186.178.196.194
502,Vidovik,Nevet,vnevetdx@qq.com,Male,192.10.13.226
503,Lind,Abilowitz,labilowitzdy@vistaprint.com,Male,180.117.249.211
504,Luca,Yukhnevich,lyukhnevichdz@msu.edu,Agender,82.220.227.92
505,Abe,Cullotey,aculloteye0@indiatimes.com,Male,248.24.199.7
506,Webb,McAmish,wmcamishe1@cbc.ca,Male,135.70.200.164
507,Thomasin,Stollen,tstollene2@mit.edu,Female,86.62.155.50
508,Rosco,Sunley,rsunleye3@youku.com,Male,128.243.199.22
509,Rourke,Hasslocher,rhasslochere4@tinyurl.com,Male,146.227.45.95
510,Cosimo,Morrel,cmorrele5@fda.gov,Agender,177.37.190.153
511,Sloan,Village,svillagee6@state.gov,Male,117.148.215.189
512,Zarla,le Keux,zlekeuxe7@sciencedaily.com,Female,41.67.45.205
513,Rickie,Le Batteur,rlebatteure8@patch.com,Male,14.246.222.50
514,Xerxes,Smye,xsmyee9@whitehouse.gov,Male,92.175.237.249
515,Cy,Rowell,crowellea@godaddy.com,Male,195.112.209.131
516,Sunny,Conneely,sconneelyeb@cargocollective.com,Male,209.40.229.174
517,Aubert,Tunnock,atunnockec@eventbrite.com,Male,202.233.197.69
518,Alf,Darby,adarbyed@php.net,Male,207.155.210.241
519,Chalmers,Brompton,cbromptonee@csmonitor.com,Male,5.144.99.118
520,Davie,Skittles,dskittlesef@jigsy.com,Male,33.30.15.137
521,Spense,Marthen,smartheneg@issuu.com,Male,147.245.159.85
522,Saxon,Roots,srootseh@qq.com,Male,36.29.88.28
523,Lin,Perl,lperlei@phoca.cz,Male,106.108.17.177
524,Hinda,Maddaford,hmaddafordej@ycombinator.com,Female,189.151.124.8
525,Masha,Lodovichi,mlodovichiek@washingtonpost.com,Non-binary,58.151.248.24
526,Anson,Scogin,ascoginel@tinyurl.com,Male,24.64.150.20
527,Rivi,Bampfield,rbampfieldem@tumblr.com,Non-binary,219.101.162.15
528,Cale,Doey,cdoeyen@goodreads.com,Genderfluid,56.255.169.1
529,Carlen,Stobbart,cstobbarteo@icio.us,Non-binary,122.167.39.174
530,Marissa,Tuplin,mtuplinep@paginegialle.it,Female,245.188.243.154
531,Friederike,Popham,fpophameq@360.cn,Female,240.184.147.219
532,Hiram,Brikner,hbriknerer@tinypic.com,Male,248.143.176.15
533,Hatty,Yakobowitch,hyakobowitches@biblegateway.com,Female,244.196.146.71
534,Darla,Maciak,dmaciaket@ning.com,Female,213.43.138.160
535,Kaylee,Keasy,kkeasyeu@wisc.edu,Female,106.105.244.31
536,Patrice,Hulke,phulkeev@spotify.com,Female,153.231.171.49
537,Koenraad,Mouncey,kmounceyew@google.pl,Genderfluid,15.138.34.21
538,Dean,Maunders,dmaundersex@foxnews.com,Non-binary,65.189.79.88
539,Jasmin,Lambal,jlambaley@apache.org,Female,242.24.172.63
540,Valle,Hartles,vhartlesez@jalbum.net,Male,13.228.188.185
541,Leroi,Frankom,lfrankomf0@eepurl.com,Male,200.99.143.220
542,Othello,Iacobassi,oiacobassif1@123-reg.co.uk,Male,9.139.149.45
543,Lynnett,Buckley,lbuckleyf2@timesonline.co.uk,Female,170.175.208.214
544,Talbot,Geharke,tgeharkef3@skyrock.com,Male,0.85.191.231
545,Kattie,Hulstrom,khulstromf4@youtu.be,Female,189.139.15.8
546,Guthry,Sothern,gsothernf5@mail.ru,Male,92.101.26.9
547,Leese,Borthwick,lborthwickf6@squidoo.com,Female,115.145.14.112
548,Thane,Gianninotti,tgianninottif7@qq.com,Male,138.105.200.171
549,Tyrus,Balchin,tbalchinf8@quantcast.com,Male,108.107.193.55
550,Abbye,Mariaud,amariaudf9@yahoo.com,Female,150.101.127.191
551,Orson,Strugnell,ostrugnellfa@ed.gov,Male,55.9.169.9
552,Mufinella,Breitler,mbreitlerfb@state.gov,Female,27.25.181.198
553,Alisa,Marsie,amarsiefc@apache.org,Female,231.60.209.123
554,Emmett,Meconi,emeconifd@dell.com,Male,109.152.173.238
555,Lacey,Escale,lescalefe@amazon.co.jp,Female,196.214.80.42
556,Liam,Mulvin,lmulvinff@issuu.com,Non-binary,180.33.188.55
557,Nydia,Dugmore,ndugmorefg@apple.com,Female,216.27.247.120
558,Maxi,Kopke,mkopkefh@fc2.com,Female,204.162.147.241
559,Scottie,Linning,slinningfi@reddit.com,Male,14.103.133.171
560,Ferdinand,Kuhle,fkuhlefj@sina.com.cn,Male,12.222.144.147
561,Adora,Minigo,aminigofk@nsw.gov.au,Genderfluid,170.15.244.243
562,Lotty,Furber,lfurberfl@house.gov,Female,180.11.149.207
563,Glenda,Cleatherow,gcleatherowfm@bravesites.com,Female,169.41.164.184
564,Lovell,Standering,lstanderingfn@rakuten.co.jp,Male,205.108.238.82
565,Daisie,Annion,dannionfo@topsy.com,Female,79.119.128.254
566,Jennee,Grey,jgreyfp@yelp.com,Female,24.183.49.58
567,Trisha,Sandom,tsandomfq@networkadvertising.org,Female,16.58.33.151
568,Missie,Mawby,mmawbyfr@nydailynews.com,Female,242.210.31.35
569,Jessika,Doick,jdoickfs@ca.gov,Female,194.103.118.170
570,Deanna,Brandacci,dbrandaccift@chron.com,Female,221.134.226.169
571,Barnaby,McCreath,bmccreathfu@china.com.cn,Genderqueer,13.214.53.10
572,Richie,Sherrell,rsherrellfv@flavors.me,Male,59.6.85.49
573,Fernandina,Draycott,fdraycottfw@scientificamerican.com,Non-binary,160.126.48.91
574,Annetta,Willment,awillmentfx@reference.com,Female,32.202.205.19
575,Candide,Ruusa,cruusafy@cmu.edu,Female,77.43.202.159
576,Twila,Critchell,tcritchellfz@google.ca,Female,36.103.246.54
577,Lilah,Grinikhin,lgrinikhing0@blinklist.com,Female,89.250.154.88
578,Drugi,Muzzollo,dmuzzollog1@t.co,Male,162.202.90.248
579,Priscilla,Olland,pollandg2@scribd.com,Female,227.233.133.129
580,Perle,Beggini,pbegginig3@umich.edu,Female,78.106.141.167
581,Alta,Graybeal,agraybealg4@hp.com,Female,60.29.86.133
582,Rowen,Gildersleaves,rgildersleavesg5@webs.com,Male,241.94.160.159
583,Ulric,Itscovitz,uitscovitzg6@foxnews.com,Agender,34.92.91.127
584,Sharai,Dewar,sdewarg7@unicef.org,Female,34.201.249.28
585,Cosmo,Albutt,calbuttg8@fc2.com,Male,28.79.181.108
586,Raff,Rider,rriderg9@prweb.com,Male,207.142.236.136
587,Shana,Ballintime,sballintimega@bbb.org,Female,63.228.154.232
588,Devy,Kleint,dkleintgb@census.gov,Male,211.156.15.47
589,Stefania,Leheude,sleheudegc@lycos.com,Female,182.60.169.18
590,Ruggiero,Charle,rcharlegd@latimes.com,Male,194.144.253.127
591,Rycca,Soppitt,rsoppittge@hao123.com,Female,238.143.211.240
592,Kelby,Friday,kfridaygf@tinyurl.com,Male,61.185.232.88
593,Almeda,Peepall,apeepallgg@wunderground.com,Polygender,175.3.228.174
594,Carline,Erickssen,cerickssengh@people.com.cn,Female,4.142.23.75
595,Ryon,Tupie,rtupiegi@un.org,Male,173.38.54.86
596,Barri,Shilliday,bshillidaygj@google.com.br,Male,185.254.223.109
597,Aurthur,Moulden,amouldengk@soup.io,Male,238.247.143.17
598,Osbourn,Runge,orungegl@amazon.co.jp,Polygender,156.99.236.119
599,Sax,Fewless,sfewlessgm@over-blog.com,Male,125.205.77.116
600,Lavena,Tynnan,ltynnangn@usnews.com,Female,147.81.41.186
601,Dirk,Broy,dbroygo@arstechnica.com,Male,140.193.157.70
602,Florencia,Bettaney,fbettaneygp@theatlantic.com,Female,70.117.132.65
603,Paolina,Gibbe,pgibbegq@friendfeed.com,Female,30.131.147.150
604,Madelaine,McCreagh,mmccreaghgr@ihg.com,Female,91.42.60.36
605,Kerrin,Wagon,kwagongs@usa.gov,Agender,175.111.201.90
606,Di,Passey,dpasseygt@wordpress.com,Female,24.167.30.33
607,Lynelle,Korpolak,lkorpolakgu@auda.org.au,Female,232.56.145.102
608,Leontine,Sine,lsinegv@twitpic.com,Female,223.42.253.133
609,Gene,Beautyman,gbeautymangw@symantec.com,Female,83.204.107.248
610,Devland,Muckloe,dmuckloegx@ameblo.jp,Male,243.238.108.226
611,Laurens,Treen,ltreengy@dailymotion.com,Male,17.38.131.114
612,Leoline,De Ath,ldeathgz@umn.edu,Female,51.223.216.108
613,Jacquelin,Gherardelli,jgherardellih0@plala.or.jp,Female,138.3.184.43
614,Mallory,Aggio,maggioh1@google.es,Male,232.250.124.215
615,Kelcie,Heckner,khecknerh2@jalbum.net,Female,108.100.210.141
616,Hashim,Bamborough,hbamboroughh3@unc.edu,Male,68.180.255.239
617,Adlai,Blakden,ablakdenh4@odnoklassniki.ru,Male,78.179.3.181
618,Shep,Strangward,sstrangwardh5@multiply.com,Male,88.68.142.103
619,Babs,Whatman,bwhatmanh6@stanford.edu,Female,30.138.104.108
620,Holt,Lomis,hlomish7@digg.com,Male,174.200.178.161
621,Corbett,Pandie,cpandieh8@dagondesign.com,Bigender,155.208.210.163
622,Rochette,Schapero,rschaperoh9@pen.io,Female,74.87.203.33
623,Charlton,Clatworthy,cclatworthyha@barnesandnoble.com,Male,128.143.180.21
624,Rita,Whear,rwhearhb@go.com,Female,145.122.240.10
625,Rebe,Smullen,rsmullenhc@surveymonkey.com,Polygender,15.167.181.162
626,Heinrik,Blaxley,hblaxleyhd@wix.com,Male,251.120.222.10
627,Conn,Skully,cskullyhe@cbslocal.com,Male,193.77.238.65
628,Clary,Dornan,cdornanhf@reddit.com,Polygender,232.166.214.38
629,Marieann,Teaz,mteazhg@unblog.fr,Bigender,3.140.173.173
630,Steven,Beacham,sbeachamhh@pinterest.com,Male,93.123.40.80
631,Kerry,Gabe,kgabehi@nature.com,Male,6.141.72.232
632,Maridel,Wyvill,mwyvillhj@123-reg.co.uk,Female,34.31.55.71
633,Harwilll,Boath,hboathhk@icq.com,Male,37.150.74.13
634,Tamar,Paladini,tpaladinihl@lulu.com,Female,76.51.101.221
635,Darya,Gaven,dgavenhm@loc.gov,Female,213.96.47.227
636,Peggy,Darleston,pdarlestonhn@yelp.com,Polygender,166.44.12.91
637,Selig,Loude,sloudeho@ucla.edu,Male,147.135.152.2
638,Elia,Garfath,egarfathhp@ucsd.edu,Male,223.130.108.3
639,Marissa,Bruckman,mbruckmanhq@hao123.com,Non-binary,93.17.94.120
640,Baird,Farmloe,bfarmloehr@themeforest.net,Male,142.136.106.45
641,Glenna,Dempster,gdempsterhs@gmpg.org,Female,132.242.134.57
642,Mireille,Aggett,maggettht@imgur.com,Female,54.226.223.97
643,Anestassia,Farr,afarrhu@weibo.com,Genderfluid,14.64.139.212
644,Adora,Dudenie,adudeniehv@reference.com,Female,5.71.70.152
645,Corrinne,Bernardez,cbernardezhw@chron.com,Bigender,158.162.166.227
646,Brockie,McLleese,bmclleesehx@twitpic.com,Male,66.86.247.212
647,Austin,Yewdale,ayewdalehy@admin.ch,Female,45.243.165.129
648,Gerome,Lardner,glardnerhz@dyndns.org,Male,206.152.33.102
649,Genevieve,Revan,grevani0@furl.net,Female,128.210.20.30
650,Carlina,Burgin,cburgini1@clickbank.net,Female,235.75.239.233
651,Griffy,Stoyle,gstoylei2@nps.gov,Male,192.91.112.31
652,Seward,Owthwaite,sowthwaitei3@google.it,Male,211.37.180.59
653,Cyb,McClaurie,cmcclauriei4@mediafire.com,Female,177.111.174.73
654,Melvyn,Slowley,mslowleyi5@walmart.com,Male,84.27.14.34
655,Blondie,Riddall,briddalli6@irs.gov,Female,99.27.164.196
656,Duky,Stott,dstotti7@wunderground.com,Male,181.102.172.88
657,Wit,Clemens,wclemensi8@shareasale.com,Male,249.142.203.196
658,Fanni,Jakuszewski,fjakuszewskii9@wikimedia.org,Female,205.0.80.24
659,Anatol,Cutbirth,acutbirthia@bluehost.com,Male,232.119.21.151
660,Chic,Redmell,credmellib@tiny.cc,Male,133.165.173.60
661,Andres,Reckless,arecklessic@e-recht24.de,Male,215.130.134.201
662,Darwin,Kipling,dkiplingid@earthlink.net,Male,152.31.61.97
663,Early,Muehler,emuehlerie@amazon.co.uk,Male,134.143.193.198
664,Costa,Olifaunt,colifauntif@example.com,Male,67.93.157.19
665,Dacy,Davidoff,ddavidoffig@histats.com,Non-binary,130.242.42.41
666,Avram,Haizelden,ahaizeldenih@macromedia.com,Male,104.92.234.201
667,Ferrel,Setford,fsetfordii@reference.com,Male,9.126.70.94
668,Granger,McHugh,gmchughij@examiner.com,Male,249.115.194.156
669,Kristyn,Woollhead,kwoollheadik@nationalgeographic.com,Female,181.44.64.28
670,Bartie,Butterwick,bbutterwickil@comcast.net,Male,226.187.185.217
671,Tadeo,Lys,tlysim@disqus.com,Male,92.6.221.224
672,Orelia,Puncher,opuncherin@wix.com,Female,251.195.222.23
673,Mercy,Hendrick,mhendrickio@joomla.org,Female,187.201.65.210
674,Patricio,Helian,phelianip@kickstarter.com,Male,255.32.183.218
675,Lon,Kuhl,lkuhliq@163.com,Male,31.23.109.241
676,Pascal,Burgess,pburgessir@go.com,Male,240.90.12.54
677,Olivero,Labusch,olabuschis@weibo.com,Male,45.102.216.45
678,Theadora,Stallon,tstallonit@mysql.com,Female,109.108.208.238
679,Leicester,Balas,lbalasiu@freewebs.com,Male,246.4.145.158
680,Merrielle,Choules,mchoulesiv@theatlantic.com,Female,229.27.69.217
681,Cahra,Todhunter,ctodhunteriw@list-manage.com,Female,225.54.217.195
682,Felita,Arundel,farundelix@wired.com,Female,181.61.22.209
683,Poul,Kliemchen,pkliemcheniy@house.gov,Male,194.117.211.187
684,Eustace,Showalter,eshowalteriz@tripod.com,Male,188.182.38.165
685,Camile,Strasse,cstrassej0@princeton.edu,Female,185.173.167.52
686,Audy,Constantine,aconstantinej1@comcast.net,Female,106.191.97.54
687,Lew,Culpan,lculpanj2@google.pl,Male,252.71.89.201
688,Valaree,Messham,vmesshamj3@examiner.com,Female,70.185.227.147
689,Cynthia,Hanshaw,chanshawj4@xing.com,Female,168.116.53.31
690,Ransom,Limbert,rlimbertj5@opera.com,Male,219.18.115.141
691,Tedman,Linning,tlinningj6@soup.io,Male,14.139.63.225
692,Fina,Stanman,fstanmanj7@sitemeter.com,Female,85.53.66.120
693,Margit,Fright,mfrightj8@blog.com,Female,70.29.46.84
694,Cherise,Shafier,cshafierj9@bloglovin.com,Female,181.221.228.108
695,Hervey,Pingstone,hpingstoneja@t.co,Male,155.111.144.193
696,Jess,Bisterfeld,jbisterfeldjb@pagesperso-orange.fr,Female,85.92.36.101
697,Buiron,Bankes,bbankesjc@hc360.com,Male,164.74.207.227
698,Adah,Soal,asoaljd@example.com,Female,126.240.4.218
699,Wendie,Brayshaw,wbrayshawje@mtv.com,Non-binary,164.197.192.89
700,Dolly,Rodenhurst,drodenhurstjf@sciencedirect.com,Female,132.19.253.193
701,Idette,Cullimore,icullimorejg@blinklist.com,Female,29.244.10.231
702,Killie,McCaughan,kmccaughanjh@chronoengine.com,Male,37.21.56.104
703,Wandis,Fielding,wfieldingji@usa.gov,Female,64.182.23.241
704,Bondon,Clingan,bclinganjj@china.com.cn,Male,205.196.179.171
705,Trula,Beardsell,tbeardselljk@state.gov,Genderqueer,140.197.185.114
706,Gannie,Van Driel,gvandrieljl@ustream.tv,Male,58.46.152.211
707,Tandy,Grewar,tgrewarjm@foxnews.com,Female,14.182.242.14
708,Freddy,Tether,ftetherjn@netlog.com,Female,122.205.79.132
709,Phylis,Dy,pdyjo@dedecms.com,Female,187.92.102.170
710,Shellysheldon,Rigglesford,srigglesfordjp@narod.ru,Male,150.41.33.180
711,Julienne,Dripp,jdrippjq@yelp.com,Female,168.70.45.245
712,Winny,Pawlata,wpawlatajr@tinyurl.com,Male,27.147.202.70
713,Ursulina,Demeza,udemezajs@google.com.hk,Female,123.13.33.158
714,Sibyl,Jeanon,sjeanonjt@biglobe.ne.jp,Bigender,86.154.220.124
715,Helena,McGrann,hmcgrannju@newsvine.com,Bigender,25.222.136.46
716,Jemie,Shailer,jshailerjv@cpanel.net,Female,45.107.167.63
717,Haleigh,Greschke,hgreschkejw@netlog.com,Male,8.92.196.244
718,Gwenneth,Shanklin,gshanklinjx@oakley.com,Female,116.126.165.29
719,Valera,McCaghan,vmccaghanjy@pbs.org,Female,117.214.166.181
720,Earlie,Miskimmon,emiskimmonjz@google.es,Male,163.142.105.103
721,Jamil,Tinham,jtinhamk0@youtube.com,Male,14.19.233.119
722,Ives,Oosthout de Vree,ioosthoutdevreek1@weibo.com,Male,129.57.225.55
723,Sampson,Mongain,smongaink2@webmd.com,Male,113.55.110.72
724,Thorin,Bullcock,tbullcockk3@last.fm,Male,55.120.130.204
725,Arther,Tume,atumek4@buzzfeed.com,Male,210.189.154.64
726,Lemuel,Cappel,lcappelk5@accuweather.com,Male,67.140.214.12
727,Helsa,Creber,hcreberk6@printfriendly.com,Genderfluid,244.51.23.90
728,Orazio,Methven,omethvenk7@hatena.ne.jp,Male,134.99.63.165
729,Urson,Devonside,udevonsidek8@furl.net,Male,17.24.38.232
730,Carolynn,Baguley,cbaguleyk9@ucoz.ru,Female,175.182.154.88
731,Conni,Longthorne,clongthorneka@edublogs.org,Female,9.78.63.50
732,Floyd,Antonik,fantonikkb@51.la,Male,81.158.189.135
733,Lin,Schoffel,lschoffelkc@geocities.com,Agender,237.206.48.224
734,Germayne,Pershouse,gpershousekd@tuttocitta.it,Male,29.45.212.253
735,Karlen,Gradly,kgradlyke@bbc.co.uk,Female,23.221.44.23
736,Margi,Cready,mcreadykf@examiner.com,Female,237.50.54.152
737,Vito,Okenden,vokendenkg@oracle.com,Male,8.156.33.184
738,Desirae,Fasse,dfassekh@yahoo.com,Female,228.214.127.222
739,Diena,Jirak,djirakki@hexun.com,Female,212.27.247.132
740,Archie,Dragge,adraggekj@businesswire.com,Male,101.20.92.77
741,Ambros,Veasey,aveaseykk@tmall.com,Male,150.165.220.28
742,Deane,Masic,dmasickl@wikimedia.org,Female,71.208.70.58
743,Gareth,Boykett,gboykettkm@epa.gov,Non-binary,241.204.255.13
744,Iggy,Boothby,iboothbykn@weather.com,Male,196.61.217.203
745,Ave,Medhurst,amedhurstko@columbia.edu,Male,15.147.59.211
746,Gayle,Bracchi,gbracchikp@posterous.com,Male,40.156.32.130
747,Bethena,Eglaise,beglaisekq@fotki.com,Female,44.118.179.28
748,Wiatt,Meakin,wmeakinkr@theatlantic.com,Male,219.134.148.228
749,Quent,Shallcroff,qshallcroffks@gnu.org,Male,72.129.160.95
750,Forester,McNuff,fmcnuffkt@dot.gov,Male,109.79.213.39
751,Ebony,Hookes,ehookesku@archive.org,Female,113.106.204.101
752,Dina,Meech,dmeechkv@un.org,Female,250.70.80.68
753,Nathalia,Dommersen,ndommersenkw@statcounter.com,Female,139.45.167.129
754,Godart,Tunuy,gtunuykx@go.com,Male,197.160.109.241
755,Iona,Doughton,idoughtonky@yellowbook.com,Female,9.162.89.142
756,Fitzgerald,Mullarkey,fmullarkeykz@netvibes.com,Male,98.220.218.184
757,Reg,Duigan,rduiganl0@nature.com,Male,194.108.111.11
758,Cher,Aysik,caysikl1@theglobeandmail.com,Female,72.205.144.118
759,Barthel,Hartmann,bhartmannl2@google.nl,Male,228.66.128.89
760,Blondelle,Andrysek,bandrysekl3@techcrunch.com,Female,6.34.33.206
761,Mollee,Erie,meriel4@jigsy.com,Female,131.145.251.155
762,Fanechka,Gourlie,fgourliel5@seattletimes.com,Female,84.67.159.49
763,Edie,Creany,ecreanyl6@unicef.org,Non-binary,213.159.143.190
764,Gweneth,Mollatt,gmollattl7@tinypic.com,Female,136.159.63.212
765,Elston,Artin,eartinl8@china.com.cn,Male,239.35.94.157
766,Ann,Pearman,apearmanl9@sun.com,Female,224.3.195.111
767,Clementius,Barrow,cbarrowla@t-online.de,Male,105.238.95.65
768,Fax,Durrant,fdurrantlb@sakura.ne.jp,Male,76.43.178.23
769,Libby,Gillio,lgilliolc@amazon.com,Female,70.149.84.94
770,Iorgo,Roman,iromanld@cdbaby.com,Male,75.164.216.9
771,Malchy,Hauger,mhaugerle@histats.com,Genderfluid,52.55.2.223
772,Jillana,Ferrario,jferrariolf@live.com,Female,132.153.123.170
773,Blake,Leroy,bleroylg@list-manage.com,Genderfluid,197.211.125.2
774,Corie,Adkin,cadkinlh@studiopress.com,Female,121.198.16.134
775,Audry,Sissland,asisslandli@usnews.com,Female,74.14.219.51
776,Fionna,Gilhouley,fgilhouleylj@ucoz.ru,Female,113.139.19.91
777,Ellsworth,Jennick,ejennicklk@taobao.com,Male,222.176.189.198
778,Pepito,Braizier,pbraizierll@foxnews.com,Non-binary,8.113.58.253
779,Edlin,Hickinbottom,ehickinbottomlm@istockphoto.com,Male,129.18.13.249
780,Aubrey,Creebo,acreeboln@aol.com,Male,2.120.234.227
781,Hamilton,Staveley,hstaveleylo@fotki.com,Male,130.37.241.234
782,Marris,Bezarra,mbezarralp@weebly.com,Female,192.158.199.20
783,Hiram,Milberry,hmilberrylq@gmpg.org,Male,27.24.179.180
784,Harlen,Ariss,harisslr@who.int,Male,112.97.138.71
785,Leese,Vallentine,lvallentinels@pen.io,Female,44.83.132.141
786,Kaine,Writer,kwriterlt@i2i.jp,Male,32.249.156.200
787,Dermot,Van Son,dvansonlu@unicef.org,Male,132.41.37.174
788,Blondy,Hedlestone,bhedlestonelv@cbsnews.com,Female,189.192.68.218
789,Gratia,Blaase,gblaaselw@arstechnica.com,Genderqueer,90.5.115.246
790,Sacha,Ducker,sduckerlx@japanpost.jp,Female,106.95.50.233
791,Rachele,Delhay,rdelhayly@behance.net,Female,198.163.165.101
792,Sheila,Saunton,ssauntonlz@woothemes.com,Female,133.144.148.84
793,Stanly,Warrilow,swarrilowm0@kickstarter.com,Bigender,186.254.33.63
794,Brandy,Smartman,bsmartmanm1@constantcontact.com,Female,3.128.169.117
795,Felizio,Benettolo,fbenettolom2@google.ru,Male,19.179.245.152
796,Palmer,Rigden,prigdenm3@forbes.com,Male,213.139.134.245
797,Ardyth,Pollie,apolliem4@ca.gov,Female,165.16.207.177
798,Sauncho,Lesper,slesperm5@cnbc.com,Male,18.167.96.246
799,Sybille,Lankford,slankfordm6@craigslist.org,Female,74.223.222.221
800,Alexandr,Instone,ainstonem7@cnn.com,Male,2.131.168.191
801,Marcie,Perdue,mperduem8@friendfeed.com,Polygender,29.150.79.158
802,Karee,Kyme,kkymem9@infoseek.co.jp,Female,93.82.166.187
803,Crosby,Seiler,cseilerma@is.gd,Male,240.238.190.239
804,Florence,Reyner,freynermb@tripod.com,Female,97.163.161.48
805,Cassey,Pimme,cpimmemc@bandcamp.com,Female,101.134.189.191
806,Ame,Crinidge,acrinidgemd@japanpost.jp,Female,85.210.206.63
807,Amanda,Addington,aaddingtonme@spotify.com,Female,211.136.55.166
808,Carlita,Coxhell,ccoxhellmf@constantcontact.com,Female,29.30.93.233
809,Tucky,Stampe,tstampemg@geocities.jp,Male,99.210.107.83
810,Cash,Hobben,chobbenmh@omniture.com,Genderfluid,202.137.229.92
811,Rock,Lindblom,rlindblommi@google.com.au,Male,35.172.211.84
812,Avram,Creber,acrebermj@twitter.com,Non-binary,18.216.164.32
813,Durward,Fossitt,dfossittmk@ox.ac.uk,Male,224.85.186.38
814,Lissie,Di Antonio,ldiantonioml@studiopress.com,Female,65.66.221.89
815,Aristotle,Arons,aaronsmm@state.gov,Male,178.234.33.2
816,Orsola,Yearron,oyearronmn@fotki.com,Agender,164.116.141.125
817,Minerva,Patley,mpatleymo@mediafire.com,Female,141.78.241.137
818,Barret,Giorgietto,bgiorgiettomp@histats.com,Male,194.19.78.101
819,Natty,Canacott,ncanacottmq@hubpages.com,Female,164.42.224.252
820,Dehlia,Mayler,dmaylermr@privacy.gov.au,Female,23.61.138.64
821,Kent,Cackett,kcackettms@europa.eu,Male,220.149.132.39
822,Norean,Pudney,npudneymt@mayoclinic.com,Female,237.78.165.19
823,Mehetabel,Galgey,mgalgeymu@google.co.jp,Female,17.81.32.199
824,Gisele,Trippitt,gtrippittmv@newyorker.com,Female,241.120.61.243
825,Theodosia,Kadd,tkaddmw@simplemachines.org,Genderqueer,243.173.124.14
826,Oliviero,Sunley,osunleymx@cargocollective.com,Male,209.35.79.52
827,Ryan,McGroarty,rmcgroartymy@ow.ly,Male,229.199.252.29
828,Noby,Baskett,nbaskettmz@elpais.com,Male,119.57.125.8
829,Benedetto,Marxsen,bmarxsenn0@networksolutions.com,Male,218.16.78.68
830,Lyda,Melliard,lmelliardn1@army.mil,Female,120.210.168.198
831,Winifred,Messer,wmessern2@privacy.gov.au,Polygender,192.146.221.45
832,Daren,Falk,dfalkn3@purevolume.com,Male,152.215.30.220
833,Sherwood,Boyan,sboyann4@w3.org,Male,124.36.62.21
834,Stormie,Jentges,sjentgesn5@squidoo.com,Female,27.32.23.166
835,Giralda,Geroldi,ggeroldin6@prnewswire.com,Non-binary,123.39.99.138
836,Washington,Cruse,wcrusen7@last.fm,Male,18.229.101.159
837,Benedick,Vedishchev,bvedishchevn8@vk.com,Male,141.222.56.107
838,Steffen,Paulson,spaulsonn9@blogs.com,Male,16.181.134.87
839,Chelsey,Hryniewicki,chryniewickina@arstechnica.com,Female,180.73.73.75
840,Cloe,Stocken,cstockennb@cyberchimps.com,Female,71.218.102.105
841,Boigie,Merrison,bmerrisonnc@g.co,Male,52.114.31.164
842,Silvan,Larrington,slarringtonnd@free.fr,Male,85.124.129.83
843,Callie,Rutter,crutterne@yellowbook.com,Bigender,221.140.110.37
844,Andrej,Crosen,acrosennf@ucsd.edu,Agender,60.190.143.41
845,Mattias,Dohmann,mdohmannng@ted.com,Male,27.218.184.155
846,Tami,Gaynor,tgaynornh@columbia.edu,Female,87.27.147.248
847,Michell,Enion,menionni@google.fr,Agender,48.220.6.255
848,Cathe,Linebarger,clinebargernj@devhub.com,Female,69.213.197.88
849,Malory,Wathen,mwathennk@slideshare.net,Agender,176.250.112.110
850,Elane,Gurton,egurtonnl@apache.org,Female,117.172.142.243
851,Yurik,Hurry,yhurrynm@jimdo.com,Male,151.136.149.76
852,Horatia,Forrest,hforrestnn@state.gov,Female,180.4.80.28
853,Gun,Klainer,gklainerno@1688.com,Male,113.51.169.149
854,Linell,Stenet,lstenetnp@parallels.com,Bigender,222.251.51.108
855,Corbet,Labern,clabernnq@altervista.org,Male,79.166.9.182
856,Lexy,Maudett,lmaudettnr@creativecommons.org,Female,230.217.101.75
857,Bartram,Leyton,bleytonns@flickr.com,Male,201.77.103.232
858,Stephanus,Serot,sserotnt@tamu.edu,Male,7.86.176.110
859,Karlyn,Pellman,kpellmannu@nps.gov,Female,114.93.142.25
860,Farrand,Blakely,fblakelynv@sourceforge.net,Female,49.33.198.221
861,Fallon,Muckersie,fmuckersienw@jimdo.com,Female,92.74.56.243
862,Ozzie,Chevis,ochevisnx@nydailynews.com,Male,232.18.59.25
863,Moshe,Knappitt,mknappittny@utexas.edu,Male,179.174.204.68
864,Loni,Ahmed,lahmednz@telegraph.co.uk,Agender,77.192.65.172
865,Shaine,Kohrsen,skohrseno0@1688.com,Female,48.179.97.149
866,Kass,Curle,kcurleo1@live.com,Female,252.28.236.121
867,Loise,Luddy,lluddyo2@networksolutions.com,Female,150.161.209.94
868,Leopold,Beak,lbeako3@scribd.com,Male,227.246.125.171
869,Drew,Haggath,dhaggatho4@mapy.cz,Male,66.21.192.197
870,Maia,O'Luney,moluneyo5@mtv.com,Female,70.219.55.42
871,Cobby,Cumberpatch,ccumberpatcho6@java.com,Male,51.147.182.200
872,Iver,Willoughby,iwilloughbyo7@google.es,Agender,60.18.79.148
873,Amalea,Gaspero,agasperoo8@hugedomains.com,Female,140.162.136.185
874,Carlene,Ormonde,cormondeo9@goodreads.com,Bigender,150.185.19.5
875,Hart,Strewthers,hstrewthersoa@mashable.com,Male,61.244.239.109
876,Bartlett,Booton,bbootonob@hatena.ne.jp,Male,24.117.213.119
877,Kayley,Behnke,kbehnkeoc@qq.com,Female,18.60.77.146
878,Sherwood,Tiuit,stiuitod@noaa.gov,Male,197.241.27.30
879,Aylmer,Grafton-Herbert,agraftonherbertoe@google.cn,Male,226.69.210.52
880,Kiel,Strut,kstrutof@mozilla.com,Male,100.140.246.152
881,Milicent,Burstowe,mburstoweog@china.com.cn,Agender,146.27.60.209
882,Hobey,Twelvetree,htwelvetreeoh@newsvine.com,Male,83.2.68.196
883,Norry,Vickers,nvickersoi@altervista.org,Male,158.82.187.51
884,Mei,Fairhead,mfairheadoj@rakuten.co.jp,Female,4.199.9.230
885,Leighton,Grumley,lgrumleyok@squidoo.com,Male,204.51.221.11
886,Manny,Gascoine,mgascoineol@sbwire.com,Male,35.203.129.22
887,Hodge,Treverton,htrevertonom@google.es,Male,41.178.134.68
888,Dorie,Bail,dbailon@t-online.de,Male,194.252.83.195
889,Renell,Kidde,rkiddeoo@wufoo.com,Female,130.51.245.245
890,Stevy,Kryska,skryskaop@canalblog.com,Male,218.45.115.46
891,Darbee,Tollfree,dtollfreeoq@ebay.co.uk,Male,33.97.247.196
892,Birk,Lago,blagoor@google.fr,Male,117.28.12.45
893,Salomon,Richfield,srichfieldos@shop-pro.jp,Male,201.105.194.48
894,Aidan,Maffin,amaffinot@earthlink.net,Female,218.124.69.153
895,Cicily,Luisetti,cluisettiou@digg.com,Female,101.210.208.187
896,Willem,Kloser,wkloserov@europa.eu,Male,124.184.122.79
897,Gayle,Fendlen,gfendlenow@dailymotion.com,Male,114.96.168.117
898,Myca,Kempstone,mkempstoneox@jiathis.com,Male,220.221.142.117
899,Indira,Pordal,ipordaloy@seesaa.net,Female,113.14.80.185
900,Emilio,Lambrechts,elambrechtsoz@topsy.com,Male,130.160.136.39
901,Burt,Mingo,bmingop0@meetup.com,Male,227.70.148.47
902,Laurie,Rosle,lroslep1@hp.com,Female,69.79.221.112
903,Thibaut,Huncoot,thuncootp2@weibo.com,Male,235.161.90.40
904,Edgar,Langstone,elangstonep3@mozilla.com,Male,187.11.23.88
905,Haroun,Stempe,hstempep4@qq.com,Male,198.103.47.255
906,Ralph,Awton,rawtonp5@wix.com,Male,147.174.225.38
907,Leupold,Kindell,lkindellp6@biglobe.ne.jp,Male,175.51.22.221
908,Xenia,Crates,xcratesp7@domainmarket.com,Female,132.165.227.133
909,Jermaine,Vinall,jvinallp8@irs.gov,Male,177.103.24.85
910,Jacinta,Hawlgarth,jhawlgarthp9@merriam-webster.com,Polygender,236.251.160.18
911,Alexei,Clout,acloutpa@thetimes.co.uk,Male,60.114.169.44
912,Larissa,Blanc,lblancpb@rediff.com,Agender,159.76.131.187
913,Nevin,Siggers,nsiggerspc@constantcontact.com,Male,208.129.194.207
914,Bobine,Trundler,btrundlerpd@salon.com,Female,166.146.132.218
915,Wright,Mayler,wmaylerpe@earthlink.net,Male,31.19.122.61
916,Peterus,Hugo,phugopf@1688.com,Agender,58.86.222.247
917,Hugibert,Myhill,hmyhillpg@youku.com,Male,253.237.42.101
918,Veradis,Tonkin,vtonkinph@europa.eu,Female,170.159.21.243
919,Abie,Stanistrete,astanistretepi@earthlink.net,Male,113.247.214.100
920,Rikki,Crose,rcrosepj@netlog.com,Female,167.118.245.206
921,Laurice,Piniur,lpiniurpk@netscape.com,Female,142.102.178.218
922,Zandra,Havesides,zhavesidespl@huffingtonpost.com,Female,170.149.232.51
923,Jock,Burrel,jburrelpm@github.io,Male,25.107.204.81
924,Kirsten,Dadd,kdaddpn@hatena.ne.jp,Female,203.87.79.83
925,Lori,Quenby,lquenbypo@myspace.com,Female,225.51.163.57
926,Rosalind,Pirnie,rpirniepp@weather.com,Female,109.193.6.132
927,Melinda,Thornbarrow,mthornbarrowpq@hud.gov,Female,95.208.46.53
928,Kassey,Keenleyside,kkeenleysidepr@dot.gov,Female,54.46.90.110
929,Hurleigh,Turrell,hturrellps@histats.com,Male,94.157.119.18
930,Reinwald,Viggars,rviggarspt@washingtonpost.com,Male,172.47.230.241
931,Norrie,Sketch,nsketchpu@phoca.cz,Female,27.75.100.234
932,Anson,Jeffes,ajeffespv@house.gov,Male,81.175.215.158
933,Rafaelita,Jovis,rjovispw@answers.com,Female,113.124.152.228
934,Lon,Cubbon,lcubbonpx@hp.com,Male,214.185.218.2
935,Tailor,MacEveley,tmaceveleypy@bbb.org,Male,235.203.245.237
936,Moritz,Gonnelly,mgonnellypz@ted.com,Male,173.38.20.68
937,Linn,Aguilar,laguilarq0@cpanel.net,Female,169.111.43.123
938,Addy,Robus,arobusq1@wufoo.com,Male,83.95.81.111
939,Ellary,Younger,eyoungerq2@behance.net,Male,152.71.132.244
940,Chen,Clingan,cclinganq3@businessinsider.com,Bigender,9.101.244.81
941,Layla,Doutch,ldoutchq4@globo.com,Female,244.49.24.213
942,Fletch,Hunnywell,fhunnywellq5@phpbb.com,Male,116.116.118.40
943,Constanta,MacKenzie,cmackenzieq6@clickbank.net,Female,173.84.251.5
944,Normy,Clement,nclementq7@boston.com,Male,203.220.118.114
945,Dag,Iron,dironq8@marriott.com,Male,14.113.23.74
946,Vinni,Headey,vheadeyq9@zdnet.com,Female,6.243.169.21
947,Katherine,Joron,kjoronqa@trellian.com,Non-binary,254.226.22.235
948,Wat,Silcocks,wsilcocksqb@blogtalkradio.com,Male,37.93.42.31
949,Nappy,McCleod,nmccleodqc@reverbnation.com,Male,219.23.107.21
950,Niven,Domenge,ndomengeqd@a8.net,Male,221.99.90.196
951,Gaylene,Beste,gbesteqe@mediafire.com,Female,137.196.83.108
952,Lamont,Maddick,lmaddickqf@baidu.com,Non-binary,133.136.152.142
953,Michaela,Greendale,mgreendaleqg@yahoo.co.jp,Female,111.199.243.28
954,Huey,Cockley,hcockleyqh@bloglines.com,Genderqueer,98.125.199.49
955,Helena,Hackworth,hhackworthqi@uol.com.br,Female,246.63.209.237
956,Rubin,Matthews,rmatthewsqj@example.com,Male,63.181.157.28
957,Francisco,Hartless,fhartlessqk@bbc.co.uk,Male,49.44.60.245
958,Nilson,Gorbell,ngorbellql@utexas.edu,Bigender,189.220.153.3
959,Deonne,Finnes,dfinnesqm@baidu.com,Female,11.196.100.7
960,Nelson,Pethrick,npethrickqn@bbb.org,Male,52.133.64.242
961,Helena,Janman,hjanmanqo@ycombinator.com,Female,151.66.138.173
962,Melicent,Ayerst,mayerstqp@newsvine.com,Female,38.34.157.207
963,Tiphany,Eaddy,teaddyqq@ezinearticles.com,Female,219.164.95.1
964,Tatiana,Attle,tattleqr@hostgator.com,Female,65.125.227.143
965,Carter,Vasyukhin,cvasyukhinqs@hexun.com,Male,148.157.209.195
966,Vidovic,Reubens,vreubensqt@e-recht24.de,Male,34.186.36.168
967,Hephzibah,Tudge,htudgequ@liveinternet.ru,Female,101.60.141.100
968,Abelard,Frushard,afrushardqv@squarespace.com,Male,120.212.105.226
969,Simon,Barradell,sbarradellqw@blogger.com,Male,22.230.179.247
970,Nappie,Ruske,nruskeqx@omniture.com,Male,95.72.156.251
971,Nariko,Mitchelhill,nmitchelhillqy@oracle.com,Female,142.136.98.102
972,Eirena,Trent,etrentqz@comcast.net,Genderqueer,155.236.224.216
973,Immanuel,O'Rodane,iorodaner0@yale.edu,Male,115.31.245.254
974,Jammal,Showt,jshowtr1@examiner.com,Male,89.23.13.159
975,Arlee,Figin,afiginr2@timesonline.co.uk,Female,25.87.190.212
976,Mac,Piatto,mpiattor3@arstechnica.com,Male,65.104.71.249
977,Tarrah,Plumb,tplumbr4@ucoz.ru,Female,126.143.115.109
978,Yettie,Almond,yalmondr5@noaa.gov,Female,114.110.62.114
979,Abram,Osinin,aosininr6@jugem.jp,Male,32.180.163.87
980,Yevette,Jenik,yjenikr7@dailymotion.com,Female,46.22.191.80
981,Brandais,Bednall,bbednallr8@wisc.edu,Female,105.236.170.115
982,Alastair,Ebi,aebir9@reference.com,Male,250.144.128.204
983,Fielding,Amphlett,famphlettra@dyndns.org,Polygender,105.117.50.238
984,Claudia,Penhalewick,cpenhalewickrb@hp.com,Female,234.42.71.214
985,Kris,Mawman,kmawmanrc@amazon.de,Male,222.146.190.32
986,Mil,Jachimiak,mjachimiakrd@edublogs.org,Female,231.158.40.100
987,Kacey,Derham,kderhamre@sfgate.com,Female,13.181.72.221
988,Alfie,Wewell,awewellrf@dedecms.com,Female,28.225.63.191
989,Magnum,Raynes,mraynesrg@china.com.cn,Male,140.36.168.144
990,Eilis,Aneley,eaneleyrh@woothemes.com,Female,225.177.15.153
991,Phil,Frigout,pfrigoutri@google.es,Female,227.3.157.32
992,Juanita,Sabin,jsabinrj@squarespace.com,Female,100.173.222.90
993,Faun,Featherstonhaugh,ffeatherstonhaughrk@google.it,Female,74.63.226.110
994,Helli,Gorgl,hgorglrl@salon.com,Female,149.78.121.253
995,Karia,Peart,kpeartrm@fema.gov,Female,43.252.191.172
996,Patrick,Trundler,ptrundlerrn@wix.com,Male,128.199.82.209
997,Kiri,Longhirst,klonghirstro@unicef.org,Female,60.56.175.195
998,Sharla,Fareweather,sfareweatherrp@github.io,Female,3.85.18.195
999,Chick,Gilardengo,cgilardengorq@livejournal.com,Male,220.33.252.145
1000,Nikolas,Riding,nridingrr@issuu.com,Male,137.95.37.17
