id,first_name,last_name,email,gender,ip_address
1,Wyatan,Livock,wlivock0@google.com.br,Male,105.9.148.210
2,Arri,Hansemann,ahansemann1@printfriendly.com,Male,162.184.4.112
3,Gaultiero,Labdon,glabdon2@angelfire.com,Non-binary,200.152.153.159
4,Laurens,Fetherby,lfetherby3@whitehouse.gov,Male,162.236.123.19
5,Dorice,Dunseith,ddunseith4@examiner.com,Female,216.196.162.171
6,Rickert,Totman,rtotman5@google.com.au,Male,44.194.246.47
7,Robin,Degoe,rdegoe6@usda.gov,Female,214.245.195.103
8,Al,Halburton,ahalburton7@istockphoto.com,Male,99.130.50.176
9,Margalo,Kerr,mkerr8@infoseek.co.jp,Female,172.218.149.245
10,Averil,Crunkhorn,acrunkhorn9@gnu.org,Male,192.133.180.17
11,Jessey,Itzkovsky,jitzkovskya@theatlantic.com,Male,62.61.212.113
12,Rozalie,Wythe,rwytheb@webeden.co.uk,Female,164.12.85.126
13,Clementina,Davley,cdavleyc@nifty.com,Female,205.209.37.240
14,Marni,Springell,mspringelld@jigsy.com,Female,76.205.66.165
15,Antoine,Laborda,alabordae@bbc.co.uk,Male,34.130.115.18
16,Keith,Vallery,kvalleryf@odnoklassniki.ru,Genderfluid,117.78.152.191
17,Bree,Laity,blaityg@yellowbook.com,Female,87.159.239.233
18,Jesse,Biskupiak,jbiskupiakh@taobao.com,Female,80.176.194.71
19,Launce,Rennenbach,lrennenbachi@flickr.com,Male,240.82.223.148
20,Addy,Custed,acustedj@is.gd,Male,178.193.149.125
21,Dania,Linfield,dlinfieldk@marriott.com,Female,143.59.135.69
22,Jackie,Ringsell,jringselll@booking.com,Male,19.29.177.96
23,Frankie,Studdert,fstuddertm@ycombinator.com,Male,219.98.99.193
24,Lani,Tadlow,ltadlown@angelfire.com,Genderqueer,81.28.148.138
25,Deena,Muro,dmuroo@people.com.cn,Female,146.169.232.80
26,Amalita,Mattacks,amattacksp@seattletimes.com,Female,26.35.156.248
27,Goldi,Yaus,gyausq@reference.com,Female,182.133.52.163
28,Armando,Dearing,adearingr@histats.com,Male,0.151.182.18
29,Issy,Vedntyev,ivedntyevs@ebay.co.uk,Female,241.56.111.234
30,Ephraim,Fiddler,efiddlert@smugmug.com,Male,22.7.85.157
31,Robin,Elener,releneru@tinyurl.com,Male,131.25.63.92
32,Jean,Stuckford,jstuckfordv@cloudflare.com,Male,57.37.151.90
33,Nobe,Lisciardelli,nlisciardelliw@shinystat.com,Male,178.178.72.126
34,Emmalyn,Trowle,etrowlex@bing.com,Female,176.129.215.37
35,Nanni,Bairnsfather,nbairnsfathery@hatena.ne.jp,Female,250.166.107.222
36,Abey,Hastwall,ahastwallz@gnu.org,Male,103.5.204.152
37,Kala,Fanthome,kfanthome10@sohu.com,Female,32.142.250.49
38,Ethelred,Speed,espeed11@google.com,Male,70.86.152.113
39,Jameson,Hancell,jhancell12@is.gd,Male,180.46.30.99
40,Xymenes,Mannin,xmannin13@tripadvisor.com,Male,132.35.114.104
41,Faun,Adamski,fadamski14@google.cn,Female,48.207.122.75
42,Gustie,Mardle,gmardle15@mayoclinic.com,Female,17.200.138.10
43,Laurens,Locker,llocker16@jimdo.com,Male,143.159.147.63
44,Ker,Banks,kbanks17@npr.org,Male,173.86.144.129
45,Gwenny,Haborn,ghaborn18@cdc.gov,Female,22.242.53.189
46,Benson,Hale,bhale19@thetimes.co.uk,Male,50.131.91.227
47,Ilyse,Gotcliff,igotcliff1a@amazon.com,Female,175.162.193.57
48,Augustin,Puttergill,aputtergill1b@reuters.com,Male,165.72.81.195
49,Pernell,Curnok,pcurnok1c@admin.ch,Male,16.209.75.11
50,Zolly,Juszkiewicz,zjuszkiewicz1d@dmoz.org,Male,54.70.229.3
51,Farica,Gianni,fgianni1e@wunderground.com,Female,24.162.95.88
52,Willa,Hugnot,whugnot1f@examiner.com,Female,4.100.47.76
53,Giffer,Paulsson,gpaulsson1g@hibu.com,Male,120.8.35.192
54,Winonah,Shirlaw,wshirlaw1h@sfgate.com,Female,20.168.155.108
55,Dolorita,Bullocke,dbullocke1i@quantcast.com,Female,62.175.159.193
56,Leonora,Lebell,llebell1j@princeton.edu,Female,215.236.36.227
57,Debra,Kilmartin,dkilmartin1k@mozilla.org,Female,225.65.85.136
58,Melly,Aim,maim1l@lycos.com,Female,17.61.5.23
59,Ashbey,Hyne,ahyne1m@storify.com,Male,244.154.225.246
60,Teresa,Whodcoat,twhodcoat1n@imdb.com,Female,182.223.87.105
61,Charlton,Kleinsinger,ckleinsinger1o@blinklist.com,Male,239.223.138.37
62,Mile,Metts,mmetts1p@prnewswire.com,Male,145.96.86.124
63,Lavina,Jephcote,ljephcote1q@w3.org,Bigender,140.229.18.1
64,Andonis,Brimble,abrimble1r@hexun.com,Agender,12.177.208.238
65,Clotilda,Huyton,chuyton1s@sphinn.com,Female,188.200.74.43
66,Kimball,Roman,kroman1t@mtv.com,Genderfluid,110.167.88.205
67,Prentiss,Shewery,pshewery1u@marriott.com,Male,250.127.122.137
68,Melamie,Studman,mstudman1v@fema.gov,Female,116.190.109.252
69,Dennet,LaBastida,dlabastida1w@va.gov,Male,53.150.191.66
70,Cully,Rickell,crickell1x@yahoo.co.jp,Male,219.165.137.25
71,Fraze,Sebastian,fsebastian1y@mozilla.com,Male,74.91.224.199
72,Levey,McCromley,lmccromley1z@sitemeter.com,Male,77.157.39.239
73,Clemente,Easeman,ceaseman20@plala.or.jp,Male,111.183.25.185
74,Alasteir,De Bellis,adebellis21@lycos.com,Male,243.158.145.26
75,Lana,Catherine,lcatherine22@techcrunch.com,Female,227.34.66.229
76,Sylvester,Spiby,sspiby23@wunderground.com,Male,48.10.121.109
77,Florence,Swire,fswire24@deviantart.com,Female,137.253.200.157
78,Merrel,Feld,mfeld25@bbb.org,Male,112.148.199.24
79,Mariya,Cowely,mcowely26@epa.gov,Female,133.23.3.52
80,Danita,Brok,dbrok27@mediafire.com,Female,44.234.226.78
81,Burch,Driuzzi,bdriuzzi28@businessweek.com,Male,36.227.167.108
82,Andreana,Skettles,askettles29@dailymotion.com,Female,0.115.99.63
83,Darla,Goolden,dgoolden2a@vk.com,Female,248.132.102.179
84,Trixi,Connell,tconnell2b@jimdo.com,Female,33.127.135.66
85,Darren,Fleming,dfleming2c@examiner.com,Polygender,109.18.67.198
86,Brok,Storek,bstorek2d@tinyurl.com,Male,239.50.116.221
87,Noellyn,Bellwood,nbellwood2e@springer.com,Female,223.148.183.84
88,Waneta,Tradewell,wtradewell2f@mac.com,Female,59.239.24.227
89,Gabriell,Shevlin,gshevlin2g@purevolume.com,Genderfluid,201.147.172.241
90,Stephan,Sivior,ssivior2h@walmart.com,Male,213.231.79.65
91,Dulcinea,Luca,dluca2i@mtv.com,Female,90.203.80.237
92,Terri,Couser,tcouser2j@usnews.com,Male,13.188.41.77
93,Gale,Tomkin,gtomkin2k@eventbrite.com,Female,13.136.212.199
94,Ossie,Luparti,oluparti2l@wordpress.com,Male,2.245.61.61
95,Phineas,Tozer,ptozer2m@hhs.gov,Male,229.205.66.59
96,Susette,Janssens,sjanssens2n@techcrunch.com,Bigender,1.52.222.226
97,Elana,Evens,eevens2o@stanford.edu,Female,177.43.193.18
98,Karil,Bellie,kbellie2p@nytimes.com,Female,171.254.43.208
99,Bradley,Trace,btrace2q@ft.com,Male,153.6.32.251
100,Gabriele,Hadcock,ghadcock2r@thetimes.co.uk,Male,114.27.112.240
101,Bran,Guye,bguye2s@homestead.com,Male,108.115.31.1
102,Meggy,Arderne,marderne2t@nps.gov,Female,155.148.246.20
103,Boote,Stannus,bstannus2u@yellowbook.com,Male,51.14.26.159
104,Barney,Rubenov,brubenov2v@va.gov,Genderqueer,225.191.84.135
105,Valentine,Whiting,vwhiting2w@businesswire.com,Female,61.226.241.172
106,Nichols,Trickett,ntrickett2x@angelfire.com,Male,48.79.153.88
107,Jackie,Heineken,jheineken2y@wired.com,Female,125.66.121.180
108,Dell,Teresi,dteresi2z@mapquest.com,Female,142.100.232.205
109,Holli,Tomaello,htomaello30@loc.gov,Female,2.88.211.31
110,Milty,Noto,mnoto31@wikipedia.org,Male,247.243.59.167
111,Benson,Kloss,bkloss32@china.com.cn,Male,187.244.162.175
112,Pier,Cloney,pcloney33@psu.edu,Female,237.4.186.109
113,Jenica,Dubock,jdubock34@surveymonkey.com,Female,112.217.40.70
114,Bennie,Neagle,bneagle35@loc.gov,Female,221.116.135.138
115,Berk,Brayford,bbrayford36@theguardian.com,Male,193.37.108.173
116,Lyndy,Romei,lromei37@ucsd.edu,Female,98.116.160.10
117,Fairlie,Mynett,fmynett38@zimbio.com,Male,160.114.151.157
118,Hyacinthie,Pippard,hpippard39@guardian.co.uk,Female,219.14.176.39
119,Waylan,Tancock,wtancock3a@comsenz.com,Male,192.129.38.136
120,Jack,Dmtrovic,jdmtrovic3b@mac.com,Male,158.230.230.226
121,Wat,Ellsom,wellsom3c@netlog.com,Male,212.121.109.79
122,Vivian,Qualtro,vqualtro3d@arstechnica.com,Female,84.80.62.106
123,Nicolais,Lakey,nlakey3e@vkontakte.ru,Male,25.45.128.79
124,Lu,Miranda,lmiranda3f@jugem.jp,Female,37.58.202.102
125,Gun,Deam,gdeam3g@google.com,Male,142.59.210.80
126,Boothe,Peploe,bpeploe3h@paginegialle.it,Male,62.254.225.105
127,Ellerey,Gerran,egerran3i@paginegialle.it,Male,140.211.85.46
128,Riane,Shorbrook,rshorbrook3j@craigslist.org,Female,243.104.39.249
129,Ford,Draude,fdraude3k@about.com,Male,113.192.249.232
130,Phillipp,Jouen,pjouen3l@forbes.com,Male,50.153.254.99
131,Matt,Aylwin,maylwin3m@indiatimes.com,Male,42.5.88.25
132,Rabbi,Hannum,rhannum3n@hatena.ne.jp,Male,228.229.111.6
133,Ewen,Corson,ecorson3o@telegraph.co.uk,Male,10.83.70.250
134,Alison,Scannell,ascannell3p@shareasale.com,Female,126.156.49.243
135,Bettina,Scotchforth,bscotchforth3q@instagram.com,Female,5.78.13.110
136,Norry,Albutt,nalbutt3r@yandex.ru,Genderqueer,104.133.153.1
137,Alvis,Athersmith,aathersmith3s@vk.com,Male,96.251.246.250
138,Garry,Fazan,gfazan3t@opera.com,Male,100.90.200.84
139,Westbrooke,Pitcaithley,wpitcaithley3u@bbc.co.uk,Bigender,96.237.148.77
140,Garik,Pavolini,gpavolini3v@berkeley.edu,Male,45.212.26.39
141,Mallory,Sherborn,msherborn3w@rediff.com,Male,159.76.16.188
142,Osmund,Severn,osevern3x@foxnews.com,Male,255.12.240.64
143,Bronson,Comberbach,bcomberbach3y@ftc.gov,Male,118.147.255.88
144,Viviyan,Boatman,vboatman3z@jugem.jp,Female,45.164.28.15
145,Melisse,Stealey,mstealey40@sphinn.com,Female,35.184.154.174
146,Any,Rhucroft,arhucroft41@wikispaces.com,Male,226.222.242.214
147,Kimbell,Cowhig,kcowhig42@usnews.com,Male,132.213.13.169
148,Kristopher,Idwal Evans,kidwalevans43@about.me,Male,90.55.188.215
149,Shir,Marjanski,smarjanski44@slate.com,Female,64.5.237.240
150,Marie-ann,Ewbank,mewbank45@macromedia.com,Female,240.58.56.241
151,Malorie,Stubbe,mstubbe46@earthlink.net,Female,29.169.78.221
152,Rafaelia,Riditch,rriditch47@ox.ac.uk,Female,199.83.84.70
153,Debi,Powelee,dpowelee48@histats.com,Female,44.173.243.206
154,Kellby,Inold,kinold49@blinklist.com,Male,166.22.55.148
155,Alair,Radbourn,aradbourn4a@photobucket.com,Male,19.90.80.28
156,Radcliffe,Golston,rgolston4b@creativecommons.org,Male,93.119.52.227
157,Britni,Aris,baris4c@tuttocitta.it,Female,6.170.232.229
158,Leland,Gabitis,lgabitis4d@yahoo.com,Female,78.231.242.125
159,Charissa,Bentz,cbentz4e@ehow.com,Female,163.34.74.155
160,Marjorie,Sudlow,msudlow4f@unesco.org,Female,162.146.55.238
161,Emlynne,Valentim,evalentim4g@flickr.com,Female,90.130.25.185
162,Coletta,Bennit,cbennit4h@jiathis.com,Female,179.39.7.21
163,Jobi,Gowar,jgowar4i@icio.us,Female,203.107.111.133
164,Bank,Fairest,bfairest4j@ameblo.jp,Male,114.212.111.39
165,Orv,Behagg,obehagg4k@zimbio.com,Non-binary,152.57.66.184
166,Patience,Bohea,pbohea4l@shutterfly.com,Female,112.134.231.159
167,Sven,Comolli,scomolli4m@theguardian.com,Male,18.230.245.160
168,Tobe,Mahaddie,tmahaddie4n@blogger.com,Male,41.77.181.96
169,Ebenezer,Langmead,elangmead4o@smugmug.com,Male,56.129.16.233
170,Allsun,Horley,ahorley4p@yahoo.co.jp,Female,236.117.242.146
171,Jeddy,Figg,jfigg4q@harvard.edu,Male,134.2.155.211
172,Cristina,Florez,cflorez4r@bizjournals.com,Female,210.172.38.198
173,Minda,Salerg,msalerg4s@squidoo.com,Female,108.134.114.4
174,Pace,Howitt,phowitt4t@prweb.com,Male,70.77.80.119
175,Cecil,Abbot,cabbot4u@moonfruit.com,Female,32.75.137.124
176,Augustin,Bedow,abedow4v@nsw.gov.au,Male,203.12.73.56
177,Walt,Rosoni,wrosoni4w@discuz.net,Male,39.157.13.29
178,Yoshi,Stuckey,ystuckey4x@nba.com,Female,153.56.194.38
179,Brigida,Thickens,bthickens4y@dropbox.com,Female,100.106.220.68
180,Cleon,Braden,cbraden4z@google.co.jp,Male,5.207.102.143
181,Anabel,Meredyth,ameredyth50@1688.com,Female,56.58.160.185
182,Devi,O'Fallowne,dofallowne51@histats.com,Female,162.74.23.37
183,Bonnibelle,Dorricott,bdorricott52@hostgator.com,Female,4.47.162.222
184,Ricky,Keepence,rkeepence53@yellowbook.com,Male,152.182.84.244
185,Eudora,Wathan,ewathan54@last.fm,Female,208.186.94.233
186,Francine,Jex,fjex55@shinystat.com,Female,100.81.236.170
187,Simmonds,Tolomelli,stolomelli56@acquirethisname.com,Male,107.127.240.118
188,Oates,Grier,ogrier57@free.fr,Male,33.140.39.97
189,Minna,Parker,mparker58@arstechnica.com,Female,77.104.48.38
190,Marti,Eburah,meburah59@disqus.com,Female,189.190.228.10
191,Wallis,Enriques,wenriques5a@prnewswire.com,Female,16.204.138.183
192,Val,Beamand,vbeamand5b@github.io,Female,106.126.163.129
193,Shaylah,Guiducci,sguiducci5c@aol.com,Female,233.54.25.120
194,Beth,Finnie,bfinnie5d@ox.ac.uk,Agender,141.116.101.118
195,William,Lowfill,wlowfill5e@ebay.co.uk,Male,65.1.154.3
196,Tymothy,McArtan,tmcartan5f@wufoo.com,Male,215.207.2.190
197,Don,Nesby,dnesby5g@chron.com,Polygender,131.85.91.157
198,Averil,Onions,aonions5h@admin.ch,Polygender,70.70.226.161
199,Lyndy,Dominguez,ldominguez5i@de.vu,Female,14.93.244.213
200,Lemmie,Tilne,ltilne5j@mozilla.org,Male,99.65.244.135
201,Kathi,Smorthwaite,ksmorthwaite5k@soup.io,Female,158.163.116.218
202,Vassily,Linnane,vlinnane5l@census.gov,Male,33.77.118.96
203,Elton,Rainard,erainard5m@wunderground.com,Male,241.119.6.88
204,Oliviero,Jaxon,ojaxon5n@about.me,Male,227.228.2.220
205,Beatrix,Jonsson,bjonsson5o@ed.gov,Female,120.237.152.43
206,Cody,Legate,clegate5p@ehow.com,Female,37.222.155.202
207,Gussi,Bernon,gbernon5q@chron.com,Female,140.155.123.29
208,Henry,Steptow,hsteptow5r@amazonaws.com,Non-binary,82.137.137.133
209,Bryan,Gentiry,bgentiry5s@imgur.com,Male,28.184.16.50
210,Donelle,Buxton,dbuxton5t@reference.com,Female,213.146.196.254
211,Shanta,Standish-Brooks,sstandishbrooks5u@ow.ly,Female,75.61.185.129
212,Fred,Courage,fcourage5v@ed.gov,Male,3.100.160.176
213,Jerrome,Martonfi,jmartonfi5w@illinois.edu,Male,188.138.105.230
214,Suzann,Beedom,sbeedom5x@photobucket.com,Genderfluid,71.129.32.39
215,Nehemiah,Ciabatteri,nciabatteri5y@example.com,Male,228.114.230.251
216,Ivie,Saxon,isaxon5z@google.de,Female,142.22.214.165
217,Anet,Gall,agall60@economist.com,Female,10.130.249.63
218,Lane,McCathie,lmccathie61@nhs.uk,Female,147.206.231.247
219,Holly,Matley,hmatley62@ucoz.com,Polygender,226.76.253.189
220,Hurley,Fermin,hfermin63@whitehouse.gov,Male,108.40.60.33
221,Pavla,Lowndsbrough,plowndsbrough64@tinypic.com,Female,139.123.30.49
222,Crissy,Wainman,cwainman65@state.tx.us,Female,82.131.217.10
223,Hunter,Lowdeane,hlowdeane66@hexun.com,Bigender,37.89.59.135
224,Antonietta,Stock,astock67@europa.eu,Female,118.127.28.61
225,Rhonda,Ayree,rayree68@princeton.edu,Female,60.2.191.227
226,Tymothy,Hockell,thockell69@comcast.net,Male,213.238.74.139
227,Tiebold,Gindghill,tgindghill6a@dedecms.com,Male,28.110.51.49
228,Madeleine,Vanns,mvanns6b@nydailynews.com,Polygender,107.245.166.78
229,Aaron,Buckle,abuckle6c@cisco.com,Male,139.144.75.108
230,Fey,Tytterton,ftytterton6d@ucsd.edu,Female,255.57.124.14
231,Eileen,Hebborne,ehebborne6e@cmu.edu,Female,194.209.234.77
232,Zacharie,Gabby,zgabby6f@columbia.edu,Male,193.68.142.42
233,Benjamin,Scarr,bscarr6g@ehow.com,Male,100.231.243.163
234,Whittaker,Simmonds,wsimmonds6h@usnews.com,Male,70.241.142.91
235,Issie,Rudderham,irudderham6i@reddit.com,Agender,226.207.131.150
236,Mikkel,McQuaker,mmcquaker6j@stumbleupon.com,Male,159.7.182.223
237,Jackson,Brisset,jbrisset6k@princeton.edu,Male,131.153.71.224
238,Toni,Sive,tsive6l@ibm.com,Female,50.248.112.6
239,Lura,Fassam,lfassam6m@cam.ac.uk,Female,227.200.41.212
240,Cosmo,Gammet,cgammet6n@chron.com,Male,216.3.134.171
241,Brice,Franzotto,bfranzotto6o@cmu.edu,Male,165.230.161.121
242,Urbain,McVicar,umcvicar6p@networksolutions.com,Male,42.170.128.233
243,Hughie,Terry,hterry6q@gravatar.com,Male,248.157.66.92
244,Laurie,Normavill,lnormavill6r@ed.gov,Male,245.108.30.20
245,Pippa,Larret,plarret6s@usatoday.com,Non-binary,59.242.234.23
246,Riccardo,Masson,rmasson6t@yolasite.com,Male,13.217.115.70
247,Ruby,D'Onisi,rdonisi6u@senate.gov,Male,130.61.21.225
248,Ardyth,Blinde,ablinde6v@sakura.ne.jp,Female,210.82.116.196
249,Mitch,Twiggins,mtwiggins6w@vk.com,Male,167.93.112.110
250,Christophe,MacKey,cmackey6x@yahoo.co.jp,Male,197.122.112.102
251,Stafford,Strover,sstrover6y@techcrunch.com,Genderqueer,53.189.121.226
252,Wendie,Grealy,wgrealy6z@flavors.me,Polygender,94.219.229.133
253,Ines,Prettjohn,iprettjohn70@google.ca,Female,247.232.7.71
254,Marianna,Lewry,mlewry71@ftc.gov,Female,102.250.221.97
255,Rosette,Kealey,rkealey72@shop-pro.jp,Female,120.96.83.137
256,Eward,Van der Linde,evanderlinde73@cdc.gov,Male,188.150.219.132
257,Carole,Mapp,cmapp74@reuters.com,Female,157.222.255.11
258,Chaim,O'Towey,cotowey75@oakley.com,Male,210.137.101.8
259,Salome,Manley,smanley76@usgs.gov,Female,211.107.61.78
260,Marcello,Dyte,mdyte77@pagesperso-orange.fr,Male,155.98.236.101
261,Borg,Daventry,bdaventry78@harvard.edu,Male,81.20.61.169
262,Lindi,Cicchetto,lcicchetto79@reference.com,Female,29.5.166.49
263,Donella,Duckett,dduckett7a@about.com,Female,97.40.1.5
264,Hannah,Thulborn,hthulborn7b@51.la,Female,250.9.155.134
265,Alexei,Krzysztofiak,akrzysztofiak7c@wordpress.org,Male,66.179.161.217
266,Frederic,Wordesworth,fwordesworth7d@example.com,Male,212.40.124.104
267,Hermon,Tynan,htynan7e@unesco.org,Male,196.246.13.169
268,Wilt,Anmore,wanmore7f@upenn.edu,Male,220.66.150.249
269,Laughton,Duquesnay,lduquesnay7g@biglobe.ne.jp,Male,254.104.42.156
270,Ginger,Gidley,ggidley7h@netscape.com,Bigender,199.232.78.212
271,Gwennie,Thain,gthain7i@facebook.com,Female,221.6.191.193
272,Byran,Rustedge,brustedge7j@epa.gov,Male,33.233.207.109
273,Hyman,Hewins,hhewins7k@dyndns.org,Male,56.197.192.14
274,Cymbre,Black,cblack7l@mapy.cz,Female,63.226.176.220
275,Debra,Rosita,drosita7m@github.com,Female,34.228.210.254
276,Hy,Josefson,hjosefson7n@yahoo.com,Male,211.236.96.160
277,Mickie,Ravens,mravens7o@twitter.com,Agender,68.130.98.154
278,Cybil,Suffe,csuffe7p@geocities.jp,Female,174.102.210.62
279,Algernon,MacAlpine,amacalpine7q@weibo.com,Male,111.247.208.194
280,Blinnie,Dohrmann,bdohrmann7r@behance.net,Female,179.189.235.134
281,Welby,Treffry,wtreffry7s@webs.com,Male,134.196.119.218
282,Miguelita,Riddell,mriddell7t@yahoo.co.jp,Female,11.156.171.241
283,Perle,De Courtney,pdecourtney7u@multiply.com,Female,101.65.10.210
284,Immanuel,Henrych,ihenrych7v@huffingtonpost.com,Male,45.154.101.215
285,Laural,Mattock,lmattock7w@macromedia.com,Female,33.40.251.75
286,Mayor,Kench,mkench7x@stanford.edu,Male,137.228.253.142
287,Tannie,Ottawell,tottawell7y@webnode.com,Male,151.105.139.112
288,Elberta,Lillico,elillico7z@blogspot.com,Female,237.47.126.13
289,Sherman,Bleesing,sbleesing80@squidoo.com,Male,193.203.66.117
290,Tami,Morrow,tmorrow81@spotify.com,Female,74.42.15.144
291,Silas,Stinchcombe,sstinchcombe82@dell.com,Male,75.20.202.100
292,Nancie,Albutt,nalbutt83@dyndns.org,Female,22.190.95.157
293,Giralda,Dutton,gdutton84@webnode.com,Female,35.231.65.9
294,Alphonse,Abrey,aabrey85@bluehost.com,Agender,126.38.28.34
295,Sampson,Wilfinger,swilfinger86@twitter.com,Male,166.70.207.33
296,Jacintha,Danelet,jdanelet87@networkadvertising.org,Female,198.121.204.200
297,Dee dee,Duffett,dduffett88@zimbio.com,Female,186.43.38.56
298,Rog,Bridywater,rbridywater89@livejournal.com,Male,187.118.15.26
299,Garrek,Devericks,gdevericks8a@businessweek.com,Male,91.135.160.230
300,Sarene,Conn,sconn8b@ftc.gov,Genderfluid,130.91.22.39
301,Rogers,Doy,rdoy8c@hao123.com,Male,234.103.223.221
302,Ulberto,Pavlitschek,upavlitschek8d@timesonline.co.uk,Male,163.169.52.235
303,Padraig,Letson,pletson8e@oracle.com,Male,94.209.140.14
304,Karine,Lattka,klattka8f@biblegateway.com,Female,77.94.47.169
305,Maureen,Flowith,mflowith8g@e-recht24.de,Female,129.192.9.200
306,Silva,Badman,sbadman8h@devhub.com,Female,210.177.197.88
307,Estrella,Hattam,ehattam8i@answers.com,Female,118.132.101.221
308,Kirstin,Pruce,kpruce8j@theglobeandmail.com,Female,193.82.47.122
309,Ame,Revett,arevett8k@epa.gov,Female,110.113.15.83
310,Yvon,Follos,yfollos8l@ihg.com,Male,116.105.111.113
311,Blanche,Rzehorz,brzehorz8m@un.org,Female,191.144.109.17
312,Bay,Schubert,bschubert8n@un.org,Male,103.27.44.243
313,Sula,Glanester,sglanester8o@ning.com,Female,162.187.95.35
314,Lily,Sumsion,lsumsion8p@plala.or.jp,Female,191.111.6.62
315,Elsey,Ludy,eludy8q@flavors.me,Female,233.69.121.33
316,Alexio,Deerness,adeerness8r@tripod.com,Male,230.118.206.48
317,Blake,Chape,bchape8s@mediafire.com,Male,81.101.28.191
318,Germaine,Snewin,gsnewin8t@latimes.com,Male,6.191.137.145
319,Dore,Tenby,dtenby8u@mapy.cz,Female,220.30.102.139
320,Tamas,Cud,tcud8v@samsung.com,Male,67.190.129.17
321,Lars,Ivancevic,livancevic8w@istockphoto.com,Male,104.253.172.61
322,Tabbitha,Karolczyk,tkarolczyk8x@about.com,Female,178.116.90.240
323,Teddie,Core,tcore8y@about.com,Female,86.202.111.154
324,Kellby,Dudbridge,kdudbridge8z@digg.com,Male,255.134.81.19
325,Carver,Fenn,cfenn90@ox.ac.uk,Agender,125.52.21.230
326,Brewer,Clymo,bclymo91@yellowbook.com,Male,104.27.142.152
327,Filberto,Issitt,fissitt92@google.cn,Male,252.77.206.250
328,Bekki,Daymond,bdaymond93@mapy.cz,Female,76.151.90.100
329,Justin,Channon,jchannon94@edublogs.org,Male,213.62.250.16
330,Gilemette,Turpey,gturpey95@fema.gov,Female,237.100.32.215
331,Nell,Whymark,nwhymark96@huffingtonpost.com,Female,212.181.210.205
332,Anna,Birkwood,abirkwood97@ycombinator.com,Female,172.123.114.46
333,Elston,Dobel,edobel98@mediafire.com,Male,38.136.80.166
334,Philly,Jeffery,pjeffery99@cargocollective.com,Female,46.23.177.223
335,Kit,Chittey,kchittey9a@chicagotribune.com,Female,2.139.75.42
336,Allie,Larraway,alarraway9b@tripod.com,Male,212.79.145.115
337,Shell,Killough,skillough9c@linkedin.com,Female,190.178.234.163
338,Danya,Ortells,dortells9d@intel.com,Male,215.110.52.193
339,Ario,Mattielli,amattielli9e@google.com.hk,Male,122.140.19.226
340,Tressa,Brandenburg,tbrandenburg9f@twitpic.com,Female,250.54.43.223
341,Basil,Vurley,bvurley9g@toplist.cz,Male,118.15.25.40
342,Vito,Damp,vdamp9h@shutterfly.com,Male,96.145.48.176
343,Gracie,Yersin,gyersin9i@reverbnation.com,Female,239.113.235.6
344,Cass,Tissington,ctissington9j@howstuffworks.com,Male,57.208.195.42
345,Marve,Agget,magget9k@geocities.jp,Male,127.29.117.74
346,Orville,McDoual,omcdoual9l@elegantthemes.com,Male,229.112.138.177
347,Jessica,Donnan,jdonnan9m@npr.org,Female,41.120.51.89
348,Shantee,Arundel,sarundel9n@1und1.de,Female,132.199.247.111
349,Freddy,Laight,flaight9o@ihg.com,Female,130.153.215.189
350,Judie,Nettles,jnettles9p@nhs.uk,Female,149.172.46.169
351,Zola,Scobie,zscobie9q@devhub.com,Female,9.189.76.44
352,Leonhard,Ionesco,lionesco9r@upenn.edu,Male,43.97.113.190
353,Florida,McMylor,fmcmylor9s@bandcamp.com,Female,48.75.137.234
354,Jonis,Cherrison,jcherrison9t@privacy.gov.au,Female,121.20.157.186
355,Konstance,Lanigan,klanigan9u@apache.org,Female,87.82.32.236
356,Vonny,Jansie,vjansie9v@cnet.com,Female,58.138.176.106
357,Daryle,Vorley,dvorley9w@quantcast.com,Male,225.88.89.50
358,Morrie,Apdell,mapdell9x@bbb.org,Male,51.83.72.23
359,Jacquelyn,Shewsmith,jshewsmith9y@dailymail.co.uk,Agender,187.108.220.229
360,Sibylla,Cammock,scammock9z@cnbc.com,Agender,51.38.145.238
361,Marilee,Wardle,mwardlea0@disqus.com,Female,248.174.32.200
362,Winfred,Lafayette,wlafayettea1@com.com,Agender,136.178.58.163
363,Electra,Peartree,epeartreea2@google.co.uk,Female,128.113.29.187
364,Marcelia,Rockingham,mrockinghama3@slate.com,Female,82.246.206.50
365,Hurleigh,Bloom,hblooma4@seattletimes.com,Male,248.176.186.62
366,Riane,McCurtain,rmccurtaina5@globo.com,Female,208.91.252.48
367,Jeniffer,Lambillion,jlambilliona6@pinterest.com,Female,124.225.182.11
368,Orella,Rotchell,orotchella7@columbia.edu,Female,1.55.6.198
369,Allys,Alden,aaldena8@1688.com,Female,172.224.222.216
370,Isacco,Ranyell,iranyella9@dyndns.org,Male,174.118.139.142
371,Archambault,Lardiner,alardineraa@ifeng.com,Male,189.205.22.92
372,Doralia,Minor,dminorab@mediafire.com,Female,60.0.237.83
373,Frannie,Burghall,fburghallac@ucla.edu,Male,142.155.205.125
374,Eldon,Pellatt,epellattad@skyrock.com,Male,245.117.144.232
375,Tadeas,Aleevy,taleevyae@goo.ne.jp,Male,118.206.119.43
376,Andria,Izard,aizardaf@surveymonkey.com,Female,6.92.115.210
377,Emili,Vonasek,evonasekag@economist.com,Female,163.239.207.124
378,Alphonse,Zotto,azottoah@sun.com,Male,111.128.104.237
379,Wilton,Maffy,wmaffyai@aol.com,Male,50.213.244.123
380,Samuele,Keningley,skeningleyaj@craigslist.org,Male,99.205.153.85
381,Lew,Bridel,lbridelak@house.gov,Male,252.178.158.56
382,Marya,Ketley,mketleyal@naver.com,Female,82.62.212.28
383,Olenolin,Maffi,omaffiam@paginegialle.it,Non-binary,205.5.174.196
384,Filbert,Arias,fariasan@google.it,Male,9.193.45.42
385,Lorraine,Goldsworthy,lgoldsworthyao@flickr.com,Female,196.2.144.189
386,Jami,Temlett,jtemlettap@odnoklassniki.ru,Female,123.231.117.187
387,Coralie,Melarkey,cmelarkeyaq@scribd.com,Female,114.160.167.84
388,Bud,Redbourn,bredbournar@rediff.com,Male,146.4.187.204
389,Aliza,Cromwell,acromwellas@elegantthemes.com,Female,250.84.184.249
390,Hilton,Fowell,hfowellat@dailymotion.com,Male,251.186.42.69
391,Cherilynn,Simione,csimioneau@tripadvisor.com,Female,252.0.250.22
392,Ellary,Ballsdon,eballsdonav@home.pl,Male,59.75.127.167
393,Kassie,Bonsall,kbonsallaw@stanford.edu,Female,222.224.67.163
394,Colin,Antonescu,cantonescuax@ox.ac.uk,Male,198.14.221.123
395,Wilbur,Rupert,wrupertay@epa.gov,Male,180.13.14.161
396,Nedi,Chugg,nchuggaz@sogou.com,Female,101.40.249.96
397,Marylee,Bertelsen,mbertelsenb0@cafepress.com,Female,250.205.232.129
398,Terrie,covino,tcovinob1@who.int,Genderfluid,43.141.199.135
399,Sigismondo,Arkle,sarkleb2@bravesites.com,Genderqueer,205.101.78.5
400,Hazel,Van der Veldt,hvanderveldtb3@latimes.com,Female,186.225.168.16
401,Maurise,Dwerryhouse,mdwerryhouseb4@mapquest.com,Male,53.43.219.250
402,Fayth,Botfield,fbotfieldb5@wunderground.com,Female,250.169.136.89
403,Freddy,Hammersley,fhammersleyb6@amazon.co.uk,Male,253.26.24.107
404,Prisca,Wyburn,pwyburnb7@zimbio.com,Female,240.245.31.241
405,Margarethe,Ferrers,mferrersb8@cyberchimps.com,Female,208.212.253.104
406,Leese,Lord,llordb9@biglobe.ne.jp,Bigender,111.71.111.243
407,Hatty,Fominov,hfominovba@chronoengine.com,Female,78.234.230.9
408,Farrand,Chesshire,fchesshirebb@cnet.com,Female,48.111.218.53
409,Perry,Tottie,ptottiebc@chron.com,Genderfluid,9.171.189.33
410,Kele,Sellers,ksellersbd@elpais.com,Male,137.116.58.229
411,Dalli,Michiel,dmichielbe@elpais.com,Male,51.43.142.210
412,Alejandra,Whitlaw,awhitlawbf@sourceforge.net,Female,43.45.106.27
413,Matty,Wyss,mwyssbg@wufoo.com,Genderfluid,145.59.80.50
414,Ines,Belfield,ibelfieldbh@businesswire.com,Female,72.24.2.131
415,Siward,Petti,spettibi@shinystat.com,Male,36.175.171.198
416,Gerick,Frodsham,gfrodshambj@dion.ne.jp,Male,141.116.61.254
417,Robbyn,Cundict,rcundictbk@telegraph.co.uk,Female,182.162.10.159
418,Bernadine,Dykes,bdykesbl@indiatimes.com,Female,130.89.81.172
419,Bay,Ellingham,bellinghambm@salon.com,Male,239.141.81.218
420,Damien,Gantzman,dgantzmanbn@wix.com,Male,179.228.190.197
421,Rikki,Plait,rplaitbo@statcounter.com,Female,236.82.78.2
422,Cullen,Domeny,cdomenybp@simplemachines.org,Male,162.30.188.241
423,Alastair,Giacomi,agiacomibq@smugmug.com,Male,23.195.212.121
424,Markus,Nurcombe,mnurcombebr@geocities.jp,Male,86.177.196.143
425,Fons,Sunshine,fsunshinebs@wikia.com,Male,127.199.54.99
426,Hoebart,Tift,htiftbt@mysql.com,Male,99.202.104.54
427,Justino,MacCaull,jmaccaullbu@dagondesign.com,Male,198.192.34.73
428,Miltie,Chrystie,mchrystiebv@unesco.org,Male,92.73.165.161
429,Vonni,Barg,vbargbw@jalbum.net,Female,211.251.242.179
430,Lewes,Osbiston,losbistonbx@de.vu,Male,236.187.246.232
431,Devonne,Madre,dmadreby@europa.eu,Female,16.64.146.210
432,Mario,Blunsden,mblunsdenbz@slashdot.org,Male,54.50.27.97
433,Nevins,Brideaux,nbrideauxc0@jimdo.com,Male,98.58.88.17
434,Devora,Martelet,dmarteletc1@merriam-webster.com,Female,229.217.247.108
435,Joanne,Turrell,jturrellc2@uol.com.br,Female,107.138.177.175
436,Jerri,Dunmore,jdunmorec3@zimbio.com,Male,41.141.189.14
437,Dave,Ranyard,dranyardc4@umich.edu,Male,79.182.86.46
438,Delcine,Leeman,dleemanc5@engadget.com,Female,247.43.55.145
439,Diane-marie,Ardling,dardlingc6@fda.gov,Female,46.32.149.249
440,Kerri,Mathouse,kmathousec7@cloudflare.com,Female,4.36.212.123
441,Nisse,Gribble,ngribblec8@netlog.com,Female,179.215.181.237
442,Lavina,Bullent,lbullentc9@cisco.com,Female,43.100.179.226
443,Ricard,Spileman,rspilemanca@un.org,Male,194.253.122.219
444,Nola,Cusack,ncusackcb@gmpg.org,Female,191.215.231.152
445,Emmalynne,Davioud,edavioudcc@sun.com,Female,1.8.192.123
446,Ignaz,McCamish,imccamishcd@plala.or.jp,Male,130.188.21.125
447,Daryle,Debill,ddebillce@vinaora.com,Male,15.224.51.119
448,Moselle,Hawthorne,mhawthornecf@ft.com,Female,63.245.46.161
449,Major,Sandon,msandoncg@skype.com,Agender,149.92.243.223
450,Kaleena,Uridge,kuridgech@wired.com,Female,174.45.117.98
451,Stearn,Shinfield,sshinfieldci@amazon.de,Male,176.19.182.94
452,Lyman,Dongles,ldonglescj@java.com,Male,57.139.129.30
453,Crin,Rontree,crontreeck@hugedomains.com,Female,1.123.160.9
454,Trudey,Gilbard,tgilbardcl@booking.com,Female,31.99.162.67
455,Chris,Stedall,cstedallcm@php.net,Male,155.171.164.76
456,Elliott,Middell,emiddellcn@washington.edu,Male,106.168.18.37
457,Ellie,Piele,epieleco@si.edu,Female,242.131.210.91
458,Gottfried,Lighten,glightencp@imageshack.us,Male,13.91.58.244
459,Rivy,Delleschi,rdelleschicq@biblegateway.com,Female,30.72.60.242
460,Hildegarde,Mollen,hmollencr@globo.com,Female,15.165.1.161
461,Christabel,Tesche,cteschecs@bing.com,Female,222.88.118.66
462,Chase,Eilhart,ceilhartct@etsy.com,Bigender,237.125.119.26
463,Darby,Olliffe,dolliffecu@mtv.com,Male,200.97.37.214
464,Katy,Seddon,kseddoncv@sogou.com,Female,119.249.42.232
465,Eadie,Tchaikovsky,etchaikovskycw@indiegogo.com,Female,43.115.90.232
466,Benny,Rosthorn,brosthorncx@amazonaws.com,Male,36.248.22.106
467,Allison,Pickthorne,apickthornecy@jimdo.com,Female,157.99.168.158
468,Clayborne,Garken,cgarkencz@squarespace.com,Male,62.131.152.5
469,Marnie,Toretta,mtorettad0@livejournal.com,Female,192.47.111.251
470,Harlin,Najafian,hnajafiand1@gov.uk,Male,133.32.7.240
471,Hedwig,Burgwin,hburgwind2@netscape.com,Female,42.72.60.104
472,Katti,Landreth,klandrethd3@yahoo.com,Female,165.74.27.6
473,Electra,Boustead,ebousteadd4@stumbleupon.com,Female,56.250.91.202
474,Karole,Kopacek,kkopacekd5@topsy.com,Female,17.184.133.70
475,Leanor,Watford,lwatfordd6@upenn.edu,Polygender,194.87.247.18
476,Marcus,Knotte,mknotted7@weibo.com,Male,219.28.67.253
477,Jenica,Dallosso,jdallossod8@nature.com,Female,36.177.170.204
478,Jeanine,Aburrow,jaburrowd9@usatoday.com,Female,124.164.184.34
479,Whitman,Kohnemann,wkohnemannda@phpbb.com,Male,120.94.63.235
480,Maison,Grandham,mgrandhamdb@zimbio.com,Male,20.25.200.233
481,Edita,Houchen,ehouchendc@gravatar.com,Female,160.165.138.227
482,Trescha,Riepel,triepeldd@godaddy.com,Female,70.163.213.230
483,Alberik,Bond,abondde@hao123.com,Male,71.1.114.90
484,Poul,Beardon,pbeardondf@arstechnica.com,Male,23.205.152.87
485,Shirlene,Wreakes,swreakesdg@nsw.gov.au,Female,255.230.66.24
486,Wainwright,Pigne,wpignedh@house.gov,Male,20.67.217.96
487,Reamonn,Boothby,rboothbydi@admin.ch,Male,231.3.246.1
488,Lesya,Ismead,lismeaddj@cpanel.net,Genderqueer,44.236.197.244
489,Marco,Hullah,mhullahdk@shinystat.com,Male,69.205.165.253
490,Kahlil,Duggen,kduggendl@sbwire.com,Non-binary,233.173.64.5
491,Terencio,Samworth,tsamworthdm@wunderground.com,Male,25.75.158.173
492,Loralie,Sallter,lsallterdn@paypal.com,Female,82.24.30.255
493,Lorri,Lindley,llindleydo@yolasite.com,Female,6.90.80.191
494,Rufe,White,rwhitedp@livejournal.com,Male,226.151.86.147
495,Christin,Eagleston,ceaglestondq@sohu.com,Female,20.125.150.188
496,Nyssa,Galiford,ngaliforddr@npr.org,Female,243.70.226.54
497,Thibaud,Preble,tprebleds@joomla.org,Male,170.1.187.76
498,Lynna,Antonetti,lantonettidt@constantcontact.com,Female,199.154.209.100
499,Bonnibelle,Balthasar,bbalthasardu@imgur.com,Female,119.101.158.94
500,Shirleen,McGinty,smcgintydv@studiopress.com,Female,148.5.172.175
501,Morlee,Snedker,msnedkerdw@icio.us,Male,213.7.172.153
502,Kelcy,Getch,kgetchdx@quantcast.com,Female,156.27.129.0
503,Faunie,Ryding,frydingdy@mozilla.org,Female,192.155.106.29
504,Nathalie,Leal,nlealdz@jiathis.com,Female,241.66.159.208
505,Culver,Gomery,cgomerye0@ezinearticles.com,Male,66.45.18.48
506,Halsey,McGarva,hmcgarvae1@businessinsider.com,Male,155.153.248.183
507,Electra,Gorke,egorkee2@arstechnica.com,Genderqueer,72.216.6.213
508,Bernadette,Prendiville,bprendivillee3@cnbc.com,Female,103.90.58.185
509,Geoff,Dalrymple,gdalrymplee4@slideshare.net,Male,251.110.114.126
510,Torrin,Goggin,tgoggine5@pinterest.com,Male,230.209.188.139
511,Nanine,Rainon,nrainone6@hud.gov,Agender,213.43.60.221
512,Jay,Cathie,jcathiee7@usatoday.com,Male,1.18.77.182
513,Theadora,Abley,tableye8@illinois.edu,Female,147.140.240.189
514,Ogden,Stride,ostridee9@independent.co.uk,Male,214.99.95.158
515,Cesaro,Eliesco,celiescoea@g.co,Male,252.187.216.191
516,Loretta,Scintsbury,lscintsburyeb@diigo.com,Polygender,73.78.29.42
517,Danielle,Merfin,dmerfinec@topsy.com,Female,216.111.76.219
518,Eldredge,Blowing,eblowinged@army.mil,Male,226.238.15.248
519,Winslow,Tatlow,wtatlowee@macromedia.com,Male,52.28.84.144
520,Pansy,Karlowicz,pkarlowiczef@xing.com,Female,73.118.106.62
521,Griffie,Tozer,gtozereg@fastcompany.com,Bigender,82.40.53.0
522,Alissa,Lydiatt,alydiatteh@miibeian.gov.cn,Female,109.29.123.14
523,Khalil,Romans,kromansei@shop-pro.jp,Male,121.93.177.145
524,Wesley,Bushrod,wbushrodej@latimes.com,Male,90.103.199.56
525,Millard,Gosart,mgosartek@japanpost.jp,Genderfluid,162.189.16.83
526,Sim,Straffon,sstraffonel@dailymotion.com,Male,215.77.246.122
527,Kamila,Hatherell,khatherellem@t-online.de,Female,115.39.171.19
528,Giralda,Bonsale,gbonsaleen@youtu.be,Female,43.175.202.41
529,Janenna,Duck,jduckeo@oakley.com,Female,50.246.214.152
530,Frances,Pracy,fpracyep@ameblo.jp,Female,145.161.198.123
531,Jane,Lars,jlarseq@nymag.com,Female,219.32.160.167
532,Grayce,Bastian,gbastianer@icio.us,Female,54.183.6.49
533,Kass,Maha,kmahaes@infoseek.co.jp,Female,252.248.202.93
534,Levy,Boothebie,lboothebieet@digg.com,Male,223.223.3.83
535,Myrilla,O'Scollee,moscolleeeu@cornell.edu,Female,69.254.185.180
536,Bernadette,Hurran,bhurranev@mozilla.org,Female,124.24.201.194
537,Fonz,Culpin,fculpinew@t-online.de,Male,231.21.250.89
538,Dory,Pactat,dpactatex@ucoz.ru,Male,176.31.244.178
539,Connor,Yakebovich,cyakebovichey@fastcompany.com,Male,167.250.213.37
540,Egan,Jovis,ejovisez@surveymonkey.com,Male,134.91.20.66
541,Bettye,Woakes,bwoakesf0@phpbb.com,Female,132.17.248.187
542,Giustina,Scotchmur,gscotchmurf1@ucsd.edu,Female,141.203.239.225
543,Winfred,Wreath,wwreathf2@issuu.com,Male,137.183.70.4
544,Joellen,Fairburn,jfairburnf3@xrea.com,Female,155.183.71.134
545,Nathanael,Bunyan,nbunyanf4@cbc.ca,Male,66.115.92.143
546,Ddene,Como,dcomof5@ft.com,Non-binary,122.123.49.232
547,Hymie,Riehm,hriehmf6@google.es,Genderqueer,143.24.103.108
548,Garfield,Zannotelli,gzannotellif7@twitter.com,Male,204.54.210.39
549,Philippa,Tortice,ptorticef8@vkontakte.ru,Female,33.114.202.196
550,Sandy,Gisbourn,sgisbournf9@unesco.org,Male,44.20.255.217
551,Alejandrina,Stower,astowerfa@bluehost.com,Female,228.173.78.157
552,Clarance,Farfull,cfarfullfb@japanpost.jp,Male,72.41.85.243
553,Jenine,Lissandrini,jlissandrinifc@artisteer.com,Female,44.35.130.218
554,Kirby,Jenno,kjennofd@soup.io,Male,138.24.239.31
555,Allx,Brokenshire,abrokenshirefe@google.it,Female,186.240.157.107
556,Shepard,Degoe,sdegoeff@google.com.br,Male,57.102.240.81
557,Iver,Saph,isaphfg@guardian.co.uk,Male,76.248.145.205
558,Moore,Janaud,mjanaudfh@amazonaws.com,Male,102.127.118.215
559,Hadria,Levins,hlevinsfi@prweb.com,Female,131.165.68.97
560,Petronille,Boland,pbolandfj@engadget.com,Female,241.255.232.1
561,Neddy,Burnet,nburnetfk@vinaora.com,Male,17.29.182.75
562,Deni,Mumford,dmumfordfl@google.cn,Female,53.219.219.91
563,Gasparo,Cardenas,gcardenasfm@t-online.de,Male,109.141.137.125
564,Elladine,Balch,ebalchfn@si.edu,Female,207.204.218.233
565,Gregorio,Rheaume,grheaumefo@reddit.com,Male,252.44.51.255
566,Rafa,Cattanach,rcattanachfp@nyu.edu,Bigender,165.101.93.98
567,Saunderson,McCawley,smccawleyfq@cargocollective.com,Male,6.173.212.123
568,Franz,Martinovsky,fmartinovskyfr@com.com,Male,218.68.126.114
569,Candi,Westmoreland,cwestmorelandfs@cargocollective.com,Female,89.109.172.51
570,Doloritas,Adame,dadameft@usatoday.com,Female,140.45.146.252
571,Jacqueline,Gallier,jgallierfu@delicious.com,Female,120.234.9.205
572,Stacia,Welham,swelhamfv@tmall.com,Female,43.194.65.66
573,Myra,Bumfrey,mbumfreyfw@vimeo.com,Female,69.138.133.97
574,Barry,Idenden,bidendenfx@samsung.com,Female,56.203.248.64
575,Gerrie,Whyatt,gwhyattfy@earthlink.net,Female,206.222.123.18
576,Ryon,Giraldez,rgiraldezfz@twitpic.com,Male,91.5.117.219
577,Haydon,Woodall,hwoodallg0@youtu.be,Non-binary,27.123.208.15
578,Nicolea,Greir,ngreirg1@loc.gov,Female,160.224.123.141
579,Cybill,Phear,cphearg2@uol.com.br,Female,135.33.248.143
580,Oswald,Clayton,oclaytong3@blog.com,Male,216.161.128.86
581,Alica,Karlsson,akarlssong4@51.la,Female,108.102.144.250
582,Ivett,Somersett,isomersettg5@symantec.com,Non-binary,238.203.250.127
583,Sheelah,Perkinson,sperkinsong6@acquirethisname.com,Female,154.156.223.233
584,Thomas,Bailey,tbaileyg7@google.com.br,Non-binary,214.193.72.144
585,Florida,Halford,fhalfordg8@weibo.com,Female,240.93.249.255
586,Brucie,Brennand,bbrennandg9@mapquest.com,Male,91.236.187.182
587,Brandise,Fardon,bfardonga@usgs.gov,Female,91.204.21.82
588,Nat,Devinn,ndevinngb@intel.com,Male,19.87.124.222
589,Allan,Sumption,asumptiongc@gravatar.com,Male,255.33.206.143
590,Berke,Arnau,barnaugd@amazon.de,Male,180.224.154.25
591,Monica,Seaborne,mseabornege@weather.com,Polygender,70.68.160.85
592,Huntington,Bownas,hbownasgf@fda.gov,Male,254.133.156.33
593,Obidiah,Suffield,osuffieldgg@ed.gov,Male,64.132.17.205
594,Davy,McLarnon,dmclarnongh@usda.gov,Male,26.246.151.61
595,Jared,Lapre,jlapregi@apache.org,Agender,233.132.199.104
596,Joya,Mardee,jmardeegj@amazon.com,Female,102.194.44.242
597,Yettie,Idle,yidlegk@ovh.net,Female,146.135.197.135
598,Chelsie,Creek,ccreekgl@hc360.com,Female,10.103.20.167
599,Stafford,Gomar,sgomargm@domainmarket.com,Male,16.105.206.15
600,Mitchael,O'Hagerty,mohagertygn@fotki.com,Male,242.128.155.22
601,Mara,Fragino,mfraginogo@salon.com,Female,52.74.125.149
602,Nessy,Domerque,ndomerquegp@mac.com,Female,28.252.119.152
603,Dame,Beel,dbeelgq@wsj.com,Male,89.201.9.235
604,Dav,Rosin,drosingr@dailymotion.com,Genderfluid,0.172.19.177
605,Whit,Rate,wrategs@hexun.com,Male,72.215.140.8
606,Link,Ramsdale,lramsdalegt@t-online.de,Male,217.47.173.151
607,Saunders,Wield,swieldgu@jugem.jp,Polygender,164.74.154.9
608,Hale,Botterman,hbottermangv@cnn.com,Male,41.178.247.67
609,Rodolphe,Ghirigori,rghirigorigw@ucla.edu,Male,159.189.140.42
610,Orlando,Clinkard,oclinkardgx@prweb.com,Male,16.219.109.38
611,Cinnamon,Stubbeley,cstubbeleygy@mozilla.org,Female,79.68.48.169
612,Chrissy,Pay,cpaygz@domainmarket.com,Male,4.237.82.152
613,Garry,Wheatland,gwheatlandh0@tumblr.com,Male,193.195.237.210
614,Monika,Marklow,mmarklowh1@ibm.com,Female,191.35.214.78
615,Ceil,Baterip,cbateriph2@nydailynews.com,Female,114.89.248.199
616,Loella,Walmsley,lwalmsleyh3@economist.com,Female,187.146.90.8
617,Guthry,Hazeup,ghazeuph4@craigslist.org,Male,244.185.169.89
618,Koral,Forth,kforthh5@google.ca,Female,53.250.204.193
619,Andrei,Strauss,astraussh6@e-recht24.de,Female,147.39.160.38
620,Devin,Kryszka,dkryszkah7@buzzfeed.com,Female,159.151.143.218
621,Tina,Orteaux,torteauxh8@theatlantic.com,Female,197.13.14.27
622,Kora,Silman,ksilmanh9@so-net.ne.jp,Female,255.83.111.155
623,Marget,Sidle,msidleha@yellowpages.com,Female,214.233.122.205
624,Dehlia,Felder,dfelderhb@geocities.jp,Female,146.220.201.34
625,Tucky,Efford,teffordhc@apache.org,Male,191.176.208.68
626,Bret,Lindback,blindbackhd@globo.com,Male,204.149.30.238
627,Donni,Alaway,dalawayhe@networkadvertising.org,Female,132.147.50.163
628,Kendal,Bjorkan,kbjorkanhf@jiathis.com,Male,220.4.219.91
629,Lindy,Leaman,lleamanhg@bbc.co.uk,Male,201.216.96.17
630,Poppy,Ochterlony,pochterlonyhh@sun.com,Female,224.187.252.182
631,Earle,Junkinson,ejunkinsonhi@google.pl,Male,102.78.47.196
632,Adi,Lipyeat,alipyeathj@cdbaby.com,Female,160.110.209.105
633,Lewiss,Jordan,ljordanhk@symantec.com,Male,65.171.44.53
634,Barthel,Djokovic,bdjokovichl@wsj.com,Male,210.96.210.197
635,Laure,Mirams,lmiramshm@samsung.com,Female,192.212.81.200
636,Seline,MacFaell,smacfaellhn@tamu.edu,Female,51.58.125.164
637,Travers,Weepers,tweepersho@a8.net,Male,5.54.236.35
638,Arie,Joannic,ajoannichp@sciencedirect.com,Male,232.182.144.213
639,Holt,Novill,hnovillhq@comsenz.com,Male,0.16.174.79
640,Kennie,Kleinmintz,kkleinmintzhr@cornell.edu,Male,76.59.119.85
641,Neron,Edghinn,nedghinnhs@is.gd,Male,211.183.101.171
642,Saunder,McGreal,smcgrealht@etsy.com,Male,76.76.55.9
643,Shandee,Leechman,sleechmanhu@prlog.org,Female,57.115.199.189
644,Abram,Judge,ajudgehv@bing.com,Male,186.57.207.57
645,Brier,Osgorby,bosgorbyhw@whitehouse.gov,Female,129.233.47.30
646,Tracey,Drakes,tdrakeshx@posterous.com,Male,6.9.9.167
647,Leeann,Plumb,lplumbhy@slashdot.org,Female,173.236.109.126
648,Frank,Hecks,fheckshz@skyrock.com,Male,76.50.186.108
649,Emmit,Diprose,ediprosei0@mail.ru,Male,225.5.229.73
650,Crista,Dibbs,cdibbsi1@marketwatch.com,Female,2.81.79.234
651,Terrijo,Berntsson,tberntssoni2@imageshack.us,Female,3.253.204.206
652,Tiphanie,Skiplorne,tskiplornei3@eepurl.com,Agender,215.175.25.230
653,Hamnet,Sebyer,hsebyeri4@friendfeed.com,Male,163.39.209.129
654,Patrizio,Addionizio,paddionizioi5@bloglines.com,Male,128.109.33.108
655,Fernandina,Lalonde,flalondei6@sbwire.com,Female,126.167.124.89
656,Rhoda,Cinnamond,rcinnamondi7@statcounter.com,Female,77.61.245.53
657,Modesta,Freebury,mfreeburyi8@netlog.com,Agender,133.230.53.56
658,Devonne,Bitten,dbitteni9@paypal.com,Female,101.185.204.106
659,Stafford,Ogers,sogersia@marketwatch.com,Male,223.150.115.219
660,Lynett,Jacqueminot,ljacqueminotib@mail.ru,Female,225.200.245.228
661,Logan,Rudledge,lrudledgeic@home.pl,Male,9.198.232.52
662,Catlee,Simeon,csimeonid@free.fr,Female,191.26.90.23
663,Gui,Roaf,groafie@cyberchimps.com,Female,198.32.135.45
664,Gordon,Faunt,gfauntif@technorati.com,Male,85.121.156.106
665,Godwin,Thompstone,gthompstoneig@reverbnation.com,Male,219.114.92.204
666,Ailbert,Cabrales,acabralesih@desdev.cn,Male,225.84.58.155
667,Hadley,Glass,hglassii@google.co.uk,Genderqueer,62.72.209.199
668,Margarita,Magill,mmagillij@howstuffworks.com,Female,214.165.253.188
669,Yehudi,Petri,ypetriik@gnu.org,Genderfluid,40.38.136.228
670,Hugo,Harmon,hharmonil@mit.edu,Male,157.227.43.40
671,Jaquelyn,Colley,jcolleyim@sun.com,Polygender,160.108.117.241
672,Evanne,Brodnecke,ebrodneckein@rediff.com,Female,32.122.254.245
673,Hastie,Trim,htrimio@zimbio.com,Male,37.152.184.88
674,Katusha,Reddlesden,kreddlesdenip@slashdot.org,Female,85.38.96.89
675,Grenville,Sherer,gshereriq@jiathis.com,Male,2.246.44.164
676,Morena,Titterington,mtitteringtonir@networksolutions.com,Female,2.60.97.66
677,Nial,Downgate,ndowngateis@de.vu,Male,122.222.212.126
678,Merrili,Kimmins,mkimminsit@auda.org.au,Female,238.103.64.222
679,Joby,Piggens,jpiggensiu@census.gov,Female,159.8.21.85
680,Lira,Jex,ljexiv@usatoday.com,Female,176.146.245.1
681,Tildie,Creaser,tcreaseriw@squidoo.com,Genderqueer,213.231.58.146
682,Deonne,Kennally,dkennallyix@sitemeter.com,Polygender,180.57.101.227
683,Saxon,Cheine,scheineiy@people.com.cn,Male,238.227.146.12
684,Rustin,Zouch,rzouchiz@sphinn.com,Male,32.234.177.41
685,Ravid,Goadby,rgoadbyj0@forbes.com,Male,209.190.6.205
686,Joaquin,Douthwaite,jdouthwaitej1@plala.or.jp,Male,236.245.239.214
687,Agnella,Beedham,abeedhamj2@harvard.edu,Female,220.127.208.82
688,Mei,Wolfendale,mwolfendalej3@g.co,Female,253.113.175.101
689,Giacomo,Crackett,gcrackettj4@sciencedaily.com,Male,72.64.47.244
690,Elwira,Sheppey,esheppeyj5@123-reg.co.uk,Female,23.154.42.154
691,Lucine,Possek,lpossekj6@linkedin.com,Female,240.187.192.182
692,Berty,Mart,bmartj7@usatoday.com,Female,212.156.248.55
693,Kathleen,Andreev,kandreevj8@nyu.edu,Female,220.198.226.61
694,Natal,Golder,ngolderj9@ucoz.com,Male,142.115.49.137
695,Arlana,Patis,apatisja@instagram.com,Female,214.151.231.77
696,Norbie,Gatfield,ngatfieldjb@huffingtonpost.com,Male,230.115.9.80
697,Marleah,Cater,mcaterjc@123-reg.co.uk,Female,10.227.136.205
698,Rice,O'Regan,roreganjd@tmall.com,Male,46.24.71.47
699,Rudie,Rickword,rrickwordje@blogspot.com,Male,67.117.130.114
700,Fionna,Giacobo,fgiacobojf@psu.edu,Female,42.217.196.65
701,Winfred,Wymer,wwymerjg@spiegel.de,Male,249.34.77.1
702,Jeffy,Brendish,jbrendishjh@discuz.net,Male,234.146.67.187
703,Genni,Dranfield,gdranfieldji@ibm.com,Female,227.167.91.176
704,Godiva,Janowski,gjanowskijj@huffingtonpost.com,Female,212.55.14.48
705,Haskel,Huncote,hhuncotejk@marriott.com,Male,8.122.50.58
706,Hildy,Chavez,hchavezjl@zdnet.com,Female,119.182.92.41
707,Jessica,Ferriman,jferrimanjm@fc2.com,Female,197.225.123.226
708,Sergent,Shoemark,sshoemarkjn@example.com,Male,156.235.92.96
709,Diena,Finlator,dfinlatorjo@fema.gov,Female,253.96.115.104
710,Odelia,Trythall,otrythalljp@si.edu,Female,9.253.218.136
711,Bail,McPartling,bmcpartlingjq@nymag.com,Male,130.113.116.240
712,Lexi,Braley,lbraleyjr@businessinsider.com,Female,8.99.52.143
713,Cheri,Guy,cguyjs@youtube.com,Female,105.149.25.14
714,Barty,Atmore,batmorejt@ehow.com,Male,60.225.175.138
715,Amargo,McCurt,amccurtju@dropbox.com,Female,1.88.174.36
716,Twila,Castana,tcastanajv@pinterest.com,Female,104.3.51.234
717,Chrisy,Tims,ctimsjw@google.cn,Male,123.19.60.149
718,Bartolemo,Weadick,bweadickjx@java.com,Male,3.152.98.50
719,Gweneth,Boeck,gboeckjy@linkedin.com,Female,97.56.66.13
720,Debera,Christin,dchristinjz@a8.net,Female,28.19.191.26
721,Stanislas,Harkness,sharknessk0@hugedomains.com,Male,250.229.228.50
722,Dino,Guihen,dguihenk1@seesaa.net,Male,209.193.51.231
723,Case,Files,cfilesk2@google.com.br,Non-binary,36.171.152.222
724,Nonnah,Indgs,nindgsk3@cbsnews.com,Agender,64.41.6.124
725,Rocky,Ephgrave,rephgravek4@miibeian.gov.cn,Male,181.201.57.192
726,Haskel,Wooddisse,hwooddissek5@aboutads.info,Male,105.89.127.4
727,Smitty,Mallabone,smallabonek6@kickstarter.com,Male,198.63.98.87
728,Ertha,Milburn,emilburnk7@archive.org,Female,47.175.162.207
729,Teena,Patty,tpattyk8@va.gov,Female,210.59.210.57
730,Geraldine,Mobberley,gmobberleyk9@ftc.gov,Female,112.149.206.68
731,Eva,Scrowton,escrowtonka@live.com,Female,45.140.84.248
732,Celine,Betz,cbetzkb@nba.com,Female,111.229.29.160
733,Alric,Teligin,ateliginkc@slate.com,Polygender,249.117.151.35
734,Jourdain,Barkworth,jbarkworthkd@archive.org,Male,121.203.194.113
735,Vivienne,Terron,vterronke@dedecms.com,Female,76.140.222.154
736,Oriana,Alvaro,oalvarokf@google.co.jp,Female,1.156.18.36
737,Ulrica,Lievesley,ulievesleykg@macromedia.com,Female,209.190.115.166
738,Heloise,Allmann,hallmannkh@skype.com,Female,220.174.206.251
739,Bill,Cartmale,bcartmaleki@bbb.org,Male,102.137.29.230
740,Jehanna,McKinless,jmckinlesskj@biblegateway.com,Female,138.99.0.203
741,Kristina,Sycamore,ksycamorekk@thetimes.co.uk,Female,31.85.192.183
742,Garfield,Sydenham,gsydenhamkl@instagram.com,Male,35.177.198.11
743,Conny,Lazar,clazarkm@huffingtonpost.com,Female,104.52.66.198
744,Von,Hofler,vhoflerkn@blogger.com,Male,207.123.181.145
745,Torey,Stedell,tstedellko@cloudflare.com,Female,106.162.6.56
746,Field,Van den Oord,fvandenoordkp@columbia.edu,Male,46.246.44.197
747,Mathilda,Jahnisch,mjahnischkq@so-net.ne.jp,Female,16.165.222.68
748,Buffy,Schrir,bschrirkr@about.com,Female,96.21.214.149
749,Lorne,Lappine,llappineks@goodreads.com,Male,117.120.246.2
750,Bale,Diggar,bdiggarkt@cnbc.com,Male,244.62.117.182
751,Chalmers,Trengrove,ctrengroveku@bloglines.com,Male,36.194.253.20
752,Hieronymus,Mc Andrew,hmcandrewkv@ucla.edu,Male,115.62.162.220
753,Shantee,McComas,smccomaskw@guardian.co.uk,Female,200.127.158.81
754,Frank,Seger,fsegerkx@nasa.gov,Female,80.80.13.38
755,Lennard,Ashworth,lashworthky@sohu.com,Male,197.217.152.37
756,Ainslie,Bacher,abacherkz@nps.gov,Female,210.106.224.108
757,Giavani,Andrzejowski,gandrzejowskil0@t-online.de,Male,242.248.78.226
758,Locke,Gunningham,lgunninghaml1@github.io,Male,7.218.232.76
759,Glennis,Divisek,gdivisekl2@netlog.com,Female,116.43.241.0
760,Wendell,Ciementini,wciementinil3@npr.org,Male,143.72.74.9
761,Terrill,Laycock,tlaycockl4@angelfire.com,Male,33.147.110.145
762,Franciskus,Stollenwerck,fstollenwerckl5@behance.net,Male,19.180.120.57
763,Fulvia,Shillabeare,fshillabearel6@exblog.jp,Female,60.1.193.229
764,Adlai,Poltun,apoltunl7@google.fr,Male,242.23.6.55
765,Lacy,Wick,lwickl8@webeden.co.uk,Female,237.138.207.66
766,Dilly,Rix,drixl9@nationalgeographic.com,Male,25.104.216.212
767,Magdalena,Hastilow,mhastilowla@smh.com.au,Female,51.139.158.192
768,Gawain,Domb,gdomblb@umn.edu,Male,113.150.249.83
769,Cam,Chat,cchatlc@mysql.com,Female,72.118.19.51
770,Siffre,Manicomb,smanicombld@hibu.com,Male,76.85.145.48
771,Paul,Pinkett,ppinkettle@google.de,Male,43.58.184.25
772,Hartwell,Ivie,hivielf@jiathis.com,Male,69.169.252.45
773,Shay,Syseland,ssyselandlg@washingtonpost.com,Agender,89.69.166.89
774,Peta,Bootland,pbootlandlh@goodreads.com,Female,167.161.56.102
775,Sergei,Dean,sdeanli@printfriendly.com,Male,232.102.168.241
776,Oneida,Bowers,obowerslj@weather.com,Genderfluid,201.58.102.87
777,Janice,McCaughen,jmccaughenlk@ifeng.com,Female,63.200.227.194
778,Thorny,Harlow,tharlowll@cnbc.com,Male,245.231.223.227
779,Wayland,Wessell,wwesselllm@home.pl,Male,214.219.81.115
780,Rachele,Marfe,rmarfeln@biblegateway.com,Female,186.53.31.48
781,James,Brocket,jbrocketlo@networkadvertising.org,Male,24.80.197.13
782,Lizabeth,Spong,lsponglp@arizona.edu,Female,131.64.207.8
783,Lonnie,Kapelhof,lkapelhoflq@mashable.com,Female,226.167.3.24
784,Arnuad,Tebald,atebaldlr@macromedia.com,Male,203.223.247.153
785,Beckie,Clewett,bclewettls@marketwatch.com,Female,153.168.12.207
786,Billy,Janosevic,bjanoseviclt@nbcnews.com,Female,58.148.78.17
787,Patrizia,Byart,pbyartlu@accuweather.com,Female,20.138.225.1
788,Lona,Rosingdall,lrosingdalllv@mayoclinic.com,Female,77.30.44.151
789,Katharyn,Cobello,kcobellolw@hostgator.com,Female,218.228.12.116
790,Marcello,Edward,medwardlx@unesco.org,Polygender,28.206.111.146
791,Randene,Puvia,rpuvialy@ehow.com,Female,199.255.69.137
792,Judon,Bultitude,jbultitudelz@furl.net,Male,225.195.180.155
793,Roldan,O' Flaherty,roflahertym0@thetimes.co.uk,Male,62.157.173.151
794,Penny,Culligan,pculliganm1@mozilla.com,Female,235.80.145.114
795,Bryant,Franchioni,bfranchionim2@flickr.com,Male,79.225.210.189
796,Rozanna,Elleray,relleraym3@blogs.com,Female,14.203.71.28
797,Ardis,Paydon,apaydonm4@nih.gov,Genderqueer,199.26.241.80
798,Danika,Medcalf,dmedcalfm5@nature.com,Female,95.45.75.122
799,Reider,Prescott,rprescottm6@constantcontact.com,Male,27.131.59.244
800,Antoine,Smidmor,asmidmorm7@army.mil,Male,13.33.100.54
801,Ray,Elen,relenm8@dailymotion.com,Genderfluid,78.248.247.123
802,Magdalen,Moreside,mmoresidem9@timesonline.co.uk,Female,14.127.209.26
803,Kevina,Questier,kquestierma@cam.ac.uk,Female,94.199.128.25
804,Elissa,Tinn,etinnmb@ask.com,Female,54.157.67.228
805,Tabitha,Filippov,tfilippovmc@slashdot.org,Female,97.200.200.189
806,Doloritas,Storch,dstorchmd@a8.net,Female,23.187.7.34
807,Johannah,Bowness,jbownessme@apple.com,Female,168.86.208.35
808,Cass,Coffee,ccoffeemf@gnu.org,Male,163.80.149.171
809,Meryl,McCool,mmccoolmg@wikimedia.org,Male,115.153.228.241
810,Gar,Gentery,ggenterymh@theglobeandmail.com,Male,236.84.167.148
811,Arnaldo,Studdeard,astuddeardmi@cdbaby.com,Male,121.202.188.205
812,Clark,Cejka,ccejkamj@blinklist.com,Male,162.161.178.127
813,Shanta,Kusick,skusickmk@scribd.com,Female,229.81.23.53
814,Konstance,Brounfield,kbrounfieldml@yellowbook.com,Female,91.230.232.62
815,Jude,Happer,jhappermm@oaic.gov.au,Male,155.228.198.42
816,Georgetta,Stenton,gstentonmn@twitter.com,Female,213.43.199.187
817,Cyrillus,Guido,cguidomo@yelp.com,Male,21.176.21.151
818,Johan,Melloy,jmelloymp@dropbox.com,Male,6.79.1.203
819,Susy,Askem,saskemmq@themeforest.net,Female,247.18.75.121
820,Jo-anne,Brendel,jbrendelmr@blogger.com,Female,15.55.230.212
821,Wilma,Fowgies,wfowgiesms@npr.org,Female,94.128.31.30
822,Amber,Carloni,acarlonimt@nbcnews.com,Female,229.240.153.179
823,Corabelle,Cuttin,ccuttinmu@who.int,Genderfluid,181.251.106.74
824,Matthias,Graveston,mgravestonmv@prnewswire.com,Genderfluid,187.191.45.116
825,Chelsea,Fann,cfannmw@webs.com,Female,225.241.0.112
826,Roy,Corton,rcortonmx@free.fr,Male,138.4.238.170
827,Myrvyn,Chilley,mchilleymy@mashable.com,Polygender,142.147.11.142
828,Walliw,Orteu,worteumz@mtv.com,Female,142.34.82.100
829,Bianca,Ritzman,britzmann0@state.gov,Genderfluid,143.21.39.129
830,Cati,Bedrosian,cbedrosiann1@acquirethisname.com,Female,163.218.145.12
831,Paloma,MacDaid,pmacdaidn2@sfgate.com,Female,96.87.21.203
832,Faber,Saundercock,fsaundercockn3@1und1.de,Male,122.247.125.25
833,Morty,Shreeve,mshreeven4@earthlink.net,Male,194.87.202.99
834,Tuck,Crottagh,tcrottaghn5@hud.gov,Male,71.162.81.109
835,Paten,Shooter,pshootern6@moonfruit.com,Male,180.194.207.47
836,Hattie,Hatliffe,hhatliffen7@shutterfly.com,Female,153.229.164.120
837,Nevins,Odde,nodden8@thetimes.co.uk,Male,0.53.113.210
838,Car,Dotson,cdotsonn9@rakuten.co.jp,Male,177.45.164.134
839,Kristyn,Renol,krenolna@vimeo.com,Genderqueer,123.151.146.142
840,Hubie,Ruter,hruternb@fc2.com,Male,110.54.124.171
841,Hetty,Hawtrey,hhawtreync@weibo.com,Female,131.73.91.246
842,Jereme,Sang,jsangnd@epa.gov,Male,58.37.252.106
843,Tim,Bastiman,tbastimanne@washingtonpost.com,Male,180.189.89.78
844,Brett,Prandy,bprandynf@amazon.co.uk,Male,154.214.41.150
845,Prisca,Luppitt,pluppittng@japanpost.jp,Female,217.140.99.115
846,Skipp,Gladdolph,sgladdolphnh@earthlink.net,Male,61.216.185.28
847,Kayne,Benger,kbengerni@addthis.com,Bigender,238.52.215.6
848,Derward,Olivas,dolivasnj@bloglovin.com,Male,27.157.13.2
849,Becki,Elsdon,belsdonnk@time.com,Female,224.21.132.186
850,Ambur,Joplin,ajoplinnl@boston.com,Female,30.224.253.21
851,Robinia,Keoghan,rkeoghannm@google.co.jp,Female,99.214.245.74
852,Wandie,Wile,wwilenn@taobao.com,Female,213.203.245.233
853,Callie,Hanhard,chanhardno@geocities.jp,Female,95.115.189.41
854,Raphaela,Peters,rpetersnp@github.com,Female,236.233.5.226
855,Barnebas,Lazonby,blazonbynq@discovery.com,Male,211.168.246.186
856,Josias,Dulanty,jdulantynr@digg.com,Male,226.151.191.134
857,Phillip,Durrad,pdurradns@rediff.com,Male,214.251.163.34
858,Joni,Brett,jbrettnt@newsvine.com,Female,58.5.250.232
859,Bev,Crookston,bcrookstonnu@ibm.com,Female,147.177.118.16
860,Madalena,Hartly,mhartlynv@cisco.com,Female,66.91.84.254
861,Stu,Debling,sdeblingnw@fotki.com,Male,92.216.251.231
862,Smith,Cloake,scloakenx@alibaba.com,Male,53.119.163.92
863,Aeriela,Lagadu,alagaduny@tripod.com,Bigender,75.14.225.4
864,Garfield,Grote,ggrotenz@cornell.edu,Male,161.85.167.203
865,Fonsie,De Blase,fdeblaseo0@friendfeed.com,Male,4.92.88.138
866,Auroora,De Gowe,adegoweo1@histats.com,Female,172.252.116.106
867,Dannel,Bertrand,dbertrando2@surveymonkey.com,Male,127.201.246.148
868,Clement,Eyrl,ceyrlo3@java.com,Male,143.172.247.33
869,Zak,Sherrell,zsherrello4@soundcloud.com,Male,42.15.205.32
870,Bernette,Fausch,bfauscho5@bloomberg.com,Female,242.152.10.90
871,Abramo,Shillinglaw,ashillinglawo6@cyberchimps.com,Male,57.192.221.160
872,Odie,Izzett,oizzetto7@netlog.com,Male,20.109.209.215
873,Margie,Lebrun,mlebruno8@time.com,Female,107.83.85.96
874,Maddy,Matiebe,mmatiebeo9@e-recht24.de,Male,68.205.229.103
875,Evelyn,Ridpath,eridpathoa@dropbox.com,Male,115.42.165.170
876,Ashlan,Climance,aclimanceob@pinterest.com,Female,156.179.223.223
877,Zeb,Lapere,zlapereoc@state.tx.us,Male,238.131.192.29
878,Zed,Carne,zcarneod@kickstarter.com,Male,13.159.99.130
879,Junette,Schrieves,jschrievesoe@nhs.uk,Female,18.239.42.180
880,Alejandra,Dotson,adotsonof@biblegateway.com,Non-binary,110.167.66.210
881,Jobi,Polendine,jpolendineog@blogtalkradio.com,Female,18.190.251.100
882,Auberon,Poulsum,apoulsumoh@wikipedia.org,Male,4.244.182.247
883,Cazzie,Somes,csomesoi@ameblo.jp,Male,129.111.62.210
884,Esdras,Smidmor,esmidmoroj@gravatar.com,Male,18.249.176.95
885,Maxi,Howship,mhowshipok@amazon.com,Female,97.60.10.184
886,Dud,Tumbelty,dtumbeltyol@jimdo.com,Male,147.50.110.176
887,Dario,Normanville,dnormanvilleom@flickr.com,Male,107.77.19.53
888,Deanna,Moyle,dmoyleon@cdc.gov,Female,20.218.145.184
889,Jodie,Mc Corley,jmccorleyoo@dyndns.org,Female,240.44.115.37
890,Alyson,January,ajanuaryop@patch.com,Female,42.209.183.83
891,Gale,Roostan,groostanoq@bbb.org,Female,19.224.147.121
892,Alric,Heynel,aheynelor@who.int,Male,107.86.190.30
893,Angus,Hegden,ahegdenos@nhs.uk,Male,36.11.49.230
894,Jacquelyn,Escala,jescalaot@geocities.jp,Female,46.219.132.107
895,Maible,Stuckford,mstuckfordou@who.int,Female,100.167.42.243
896,Norine,Belison,nbelisonov@dmoz.org,Female,56.198.227.246
897,Chancey,Turvie,cturvieow@dropbox.com,Male,119.95.106.236
898,Cullin,Knyvett,cknyvettox@amazon.de,Male,205.55.240.59
899,Risa,Branigan,rbraniganoy@bbb.org,Female,97.230.140.110
900,Benetta,Reddish,breddishoz@yelp.com,Female,175.202.66.231
901,Manolo,Dungee,mdungeep0@yale.edu,Male,96.44.87.57
902,Dene,Valance,dvalancep1@i2i.jp,Male,104.171.44.25
903,Phyllis,Astall,pastallp2@reddit.com,Female,35.212.5.158
904,Ambrosius,Vittle,avittlep3@craigslist.org,Male,250.183.213.31
905,Ashlin,Moodey,amoodeyp4@amazonaws.com,Male,136.170.115.163
906,Ronda,Pinner,rpinnerp5@blogspot.com,Female,9.193.206.130
907,Rania,Blakeley,rblakeleyp6@rakuten.co.jp,Female,101.76.75.122
908,Rosa,Staddom,rstaddomp7@webs.com,Genderfluid,145.158.116.12
909,Arman,Hedditch,ahedditchp8@slashdot.org,Male,75.146.91.252
910,Kennedy,McNae,kmcnaep9@weebly.com,Genderqueer,250.253.81.105
911,Nathanael,Leipold,nleipoldpa@last.fm,Male,48.143.70.48
912,Josiah,Gossart,jgossartpb@shop-pro.jp,Male,129.213.136.223
913,Rand,Abramamov,rabramamovpc@marketwatch.com,Male,243.137.214.17
914,Wye,Dicty,wdictypd@wiley.com,Agender,64.200.82.55
915,Ruperta,Everley,reverleype@bluehost.com,Female,67.181.72.252
916,Chalmers,Tod,ctodpf@toplist.cz,Male,80.176.166.148
917,Marilee,M'cowis,mmcowispg@jugem.jp,Female,26.54.119.114
918,Leonora,Backler,lbacklerph@vk.com,Female,86.93.34.36
919,Keelby,Inworth,kinworthpi@washingtonpost.com,Male,47.243.76.88
920,Arlana,Sponer,asponerpj@canalblog.com,Female,184.63.74.48
921,Clark,Downton,cdowntonpk@google.pl,Male,117.21.70.90
922,Maureene,Bascomb,mbascombpl@tinyurl.com,Female,255.110.7.90
923,Bethany,Shufflebotham,bshufflebothampm@google.com.br,Female,4.243.203.38
924,Isaak,McKintosh,imckintoshpn@ehow.com,Male,95.127.101.74
925,Elwira,Chasmor,echasmorpo@wikispaces.com,Female,29.204.254.118
926,Sheff,Leaming,sleamingpp@skype.com,Male,171.12.90.6
927,Fonzie,Maisey,fmaiseypq@bluehost.com,Male,177.89.186.74
928,Devon,Ledeker,dledekerpr@domainmarket.com,Female,70.217.181.197
929,Francois,Wreak,fwreakps@economist.com,Male,171.237.79.91
930,Alameda,Dainton,adaintonpt@cocolog-nifty.com,Female,76.65.241.94
931,Ursala,Kembery,ukemberypu@lulu.com,Female,248.203.56.127
932,Gasper,Surmeir,gsurmeirpv@mozilla.org,Male,241.212.9.49
933,Gerhardt,Barkes,gbarkespw@theglobeandmail.com,Male,105.23.190.209
934,Lani,Donegan,ldoneganpx@zimbio.com,Female,120.12.164.214
935,Raphael,Jell,rjellpy@engadget.com,Male,205.241.72.219
936,Nessa,Sponer,nsponerpz@wiley.com,Genderfluid,158.6.173.61
937,Kacy,Bocke,kbockeq0@intel.com,Genderfluid,76.14.227.208
938,Kin,Robertsen,krobertsenq1@barnesandnoble.com,Male,205.164.164.246
939,Nedi,Birkby,nbirkbyq2@microsoft.com,Female,211.134.177.146
940,Grant,Woodbridge,gwoodbridgeq3@ca.gov,Male,245.71.55.230
941,Pamela,Yakov,pyakovq4@wikispaces.com,Female,200.56.28.141
942,Juan,Bartolomieu,jbartolomieuq5@cmu.edu,Male,91.53.105.101
943,Ogdon,Skevington,oskevingtonq6@epa.gov,Male,187.215.245.156
944,Jo,Cammis,jcammisq7@github.io,Female,184.162.45.26
945,Mehetabel,Haslehurst,mhaslehurstq8@typepad.com,Female,80.157.84.156
946,Vikky,Tuvey,vtuveyq9@blogs.com,Female,91.114.198.139
947,Germana,Tropman,gtropmanqa@ning.com,Female,172.45.129.140
948,Zachariah,Hawkins,zhawkinsqb@biblegateway.com,Male,184.109.189.209
949,Andee,Carp,acarpqc@4shared.com,Female,165.20.172.4
950,Berky,Feaveryear,bfeaveryearqd@irs.gov,Male,184.46.181.209
951,Sheila,Whiteway,swhitewayqe@apple.com,Female,43.80.142.42
952,Kermit,Windrum,kwindrumqf@yahoo.com,Male,88.183.142.34
953,Lanita,Longson,llongsonqg@rakuten.co.jp,Female,50.248.240.206
954,Lamont,Yushmanov,lyushmanovqh@hud.gov,Male,212.243.166.151
955,Nicky,Bollum,nbollumqi@va.gov,Male,208.236.211.202
956,Anthea,Etchell,aetchellqj@ted.com,Female,13.74.124.148
957,Kissee,Tynemouth,ktynemouthqk@icio.us,Female,208.143.238.206
958,Vivyan,Giovannoni,vgiovannoniql@plala.or.jp,Female,180.69.186.134
959,Delcine,Clethro,dclethroqm@goo.gl,Female,166.217.49.238
960,Leonora,Blaxall,lblaxallqn@mashable.com,Female,122.206.202.170
961,Demetria,Anthoin,danthoinqo@state.tx.us,Female,237.244.83.252
962,Titos,Horley,thorleyqp@dailymail.co.uk,Male,5.191.163.25
963,Roi,Bosley,rbosleyqq@businessweek.com,Male,104.28.16.182
964,Kitty,Robichon,krobichonqr@tinypic.com,Female,225.175.176.98
965,Wilhelm,Franklin,wfranklinqs@biglobe.ne.jp,Male,252.81.179.193
966,Archibaldo,Buyers,abuyersqt@jimdo.com,Male,203.209.242.71
967,Barth,Tregensoe,btregensoequ@edublogs.org,Male,207.200.10.249
968,Kaye,Rubinowicz,krubinowiczqv@facebook.com,Bigender,174.185.225.243
969,Gillan,Dix,gdixqw@edublogs.org,Female,112.75.239.71
970,Kassia,Cofax,kcofaxqx@lycos.com,Female,228.182.185.72
971,Marysa,Lincke,mlinckeqy@hc360.com,Female,228.62.242.125
972,Clevey,Liddle,cliddleqz@japanpost.jp,Male,120.76.154.45
973,Robb,Danskine,rdanskiner0@jimdo.com,Male,42.176.3.66
974,Reagan,Nice,rnicer1@samsung.com,Non-binary,61.62.32.11
975,Ailee,Steinhammer,asteinhammerr2@studiopress.com,Female,56.181.145.213
976,Chrisse,MacArd,cmacardr3@yahoo.com,Male,80.110.5.73
977,Mikkel,Lorenzo,mlorenzor4@reuters.com,Male,7.110.127.0
978,Mata,Spohr,mspohrr5@example.com,Male,115.24.180.193
979,Thomas,Alcorn,talcornr6@cafepress.com,Male,131.161.91.245
980,Monte,Butner,mbutnerr7@alexa.com,Non-binary,2.169.245.177
981,Anatole,Capes,acapesr8@imgur.com,Male,57.142.103.5
982,Starla,Pahler,spahlerr9@house.gov,Female,79.139.162.178
983,Bruno,Kohter,bkohterra@japanpost.jp,Male,79.78.138.76
984,Florence,Perton,fpertonrb@posterous.com,Female,235.116.119.101
985,Belvia,Mayall,bmayallrc@utexas.edu,Female,160.46.7.146
986,Elvyn,Snibson,esnibsonrd@samsung.com,Male,51.225.156.139
987,Vilma,Knock,vknockre@deliciousdays.com,Female,47.197.120.142
988,Chantalle,Seamark,cseamarkrf@kickstarter.com,Female,138.59.24.180
989,Bernelle,Dayne,bdaynerg@hao123.com,Female,216.110.59.206
990,Phyllida,Dog,pdogrh@amazonaws.com,Female,40.110.223.174
991,Yard,Mityushkin,ymityushkinri@sciencedaily.com,Male,141.132.206.255
992,Gav,Tonnesen,gtonnesenrj@sun.com,Male,14.178.16.254
993,Roi,Kunzelmann,rkunzelmannrk@cbc.ca,Male,152.112.229.124
994,Isa,Bradder,ibradderrl@desdev.cn,Female,190.119.76.18
995,Gare,Tedorenko,gtedorenkorm@a8.net,Male,9.171.31.160
996,Alair,Harsum,aharsumrn@netlog.com,Male,47.178.192.92
997,Eugine,Presnall,epresnallro@usda.gov,Female,203.220.206.180
998,Corabel,Mathivat,cmathivatrp@mapquest.com,Female,121.202.204.33
999,Padgett,Keppy,pkeppyrq@addthis.com,Male,74.243.208.198
1000,Georas,Matula,gmatularr@microsoft.com,Male,171.3.149.245
